status,run_id,seed,activation_mode,layers,extra_dims,max_children,min_children,input_dim,state_dim,num_classes,params,epochs,lr,batch_size,init_samples,kmeans_iters,init_uses_activation,best_epoch,best_val_acc,best_val_f1,final_val_acc,final_val_f1,test_acc,test_f1,init_time_sec,train_time_sec,total_time_sec,selected_k_by_layer,total_children,error,diag_mean_state_norm,diag_final_state_norm,diag_mean_move_norm,diag_mean_move_state_ratio,diag_mean_state_zero_rate,diag_final_state_zero_rate,diag_mean_active_dim_rate,diag_mean_activation_zero_rate,layer1_selected_k,layer1_pre_state_norm,layer1_mid_state_norm,layer1_state_norm,layer1_move_norm,layer1_move_state_ratio,layer1_state_zero_rate,layer1_active_dim_rate,layer1_activation_zero_rate,layer1_origin_norm,layer1_gate_mean,layer1_gate_active,layer1_alpha_entropy,layer1_alpha_eff,layer2_selected_k,layer2_pre_state_norm,layer2_mid_state_norm,layer2_state_norm,layer2_move_norm,layer2_move_state_ratio,layer2_state_zero_rate,layer2_active_dim_rate,layer2_activation_zero_rate,layer2_origin_norm,layer2_gate_mean,layer2_gate_active,layer2_alpha_entropy,layer2_alpha_eff,layer3_selected_k,layer3_pre_state_norm,layer3_mid_state_norm,layer3_state_norm,layer3_move_norm,layer3_move_state_ratio,layer3_state_zero_rate,layer3_active_dim_rate,layer3_activation_zero_rate,layer3_origin_norm,layer3_gate_mean,layer3_gate_active,layer3_alpha_entropy,layer3_alpha_eff,layer4_selected_k,layer4_pre_state_norm,layer4_mid_state_norm,layer4_state_norm,layer4_move_norm,layer4_move_state_ratio,layer4_state_zero_rate,layer4_active_dim_rate,layer4_activation_zero_rate,layer4_origin_norm,layer4_gate_mean,layer4_gate_active,layer4_alpha_entropy,layer4_alpha_eff,layer5_selected_k,layer5_pre_state_norm,layer5_mid_state_norm,layer5_state_norm,layer5_move_norm,layer5_move_state_ratio,layer5_state_zero_rate,layer5_active_dim_rate,layer5_activation_zero_rate,layer5_origin_norm,layer5_gate_mean,layer5_gate_active,layer5_alpha_entropy,layer5_alpha_eff,layer6_selected_k,layer6_pre_state_norm,layer6_mid_state_norm,layer6_state_norm,layer6_move_norm,layer6_move_state_ratio,layer6_state_zero_rate,layer6_active_dim_rate,layer6_activation_zero_rate,layer6_origin_norm,layer6_gate_mean,layer6_gate_active,layer6_alpha_entropy,layer6_alpha_eff,layer7_selected_k,layer7_pre_state_norm,layer7_mid_state_norm,layer7_state_norm,layer7_move_norm,layer7_move_state_ratio,layer7_state_zero_rate,layer7_active_dim_rate,layer7_activation_zero_rate,layer7_origin_norm,layer7_gate_mean,layer7_gate_active,layer7_alpha_entropy,layer7_alpha_eff,layer8_selected_k,layer8_pre_state_norm,layer8_mid_state_norm,layer8_state_norm,layer8_move_norm,layer8_move_state_ratio,layer8_state_zero_rate,layer8_active_dim_rate,layer8_activation_zero_rate,layer8_origin_norm,layer8_gate_mean,layer8_gate_active,layer8_alpha_entropy,layer8_alpha_eff
ok,airline__act_none__L1__seed0,0,none,1,2,100,2,32,34,2,3176,100,0.001,512,8192,8,True,99,0.954254,0.953332,0.95265,0.951752,0.953265,0.952423,3.797,135.906,147.31,[41],82,,9.509056,9.509056,0.838003,0.087136,7e-06,7e-06,0.999993,0.0,41,10.084098,9.509056,9.509056,0.838003,0.087136,7e-06,0.999993,0.0,0.0,0.115474,0.16255,2.489804,13.032136,,,,,,,,,,,,,,,,,,,,,,,,,,,,,,,,,,,,,,,,,,,,,,,,,,,,,,,,,,,,,,,,,,,,,,,,,,,,,,,,,,,,,,,,,,,,,,,,,,
ok,airline__act_none__L2__seed0,0,none,2,2,100,2,32,34,2,6282,100,0.001,512,8192,8,True,90,0.954895,0.953962,0.952842,0.95198,0.95465,0.953802,7.362,184.273,191.908,"[41, 41]",164,,9.44188,9.278368,0.605542,0.06399,7e-06,7e-06,0.999993,0.0,41,10.084098,9.605392,9.605392,0.663746,0.068678,7e-06,0.999993,0.0,0.0,0.079699,0.131622,2.546307,13.756085,41,9.605392,9.278368,9.278368,0.547338,0.059303,7e-06,0.999993,0.0,0.0,0.053608,0.088318,2.402689,11.588241,,,,,,,,,,,,,,,,,,,,,,,,,,,,,,,,,,,,,,,,,,,,,,,,,,,,,,,,,,,,,,,,,,,,,,,,,,,,,,,,,,,,
ok,airline__act_none__L3__seed0,0,none,3,2,100,2,32,34,2,9832,100,0.001,512,8192,8,True,100,0.956114,0.955242,0.956114,0.955242,0.95569,0.95487,10.918,238.178,249.465,"[41, 41, 47]",258,,9.256556,8.88307,0.593932,0.064064,5e-06,0.0,0.999995,0.0,41,10.084098,9.639638,9.639638,0.611965,0.063991,7e-06,0.999993,0.0,0.0,0.060002,0.099188,2.469422,12.809368,41,9.639638,9.246959,9.246959,0.572495,0.061101,7e-06,0.999993,0.0,0.0,0.042103,0.076048,2.419866,11.877942,47,9.246959,8.88307,8.88307,0.597335,0.067099,0.0,1.0,0.0,0.0,0.053698,0.075385,2.413486,12.003346,,,,,,,,,,,,,,,,,,,,,,,,,,,,,,,,,,,,,,,,,,,,,,,,,,,,,,,,,,,,,,,,,,,,,,
ok,airline__act_none__L4__seed0,0,none,4,2,100,2,32,34,2,13382,100,0.001,512,8192,8,True,95,0.956628,0.955796,0.955152,0.954301,0.955266,0.954457,14.507,290.066,304.955,"[41, 41, 47, 47]",352,,9.252101,8.775083,0.504489,0.054566,4e-06,0.0,0.999996,0.0,41,10.084098,9.707067,9.707067,0.545588,0.055504,7e-06,0.999993,0.0,0.0,0.059394,0.092827,2.513037,13.202658,41,9.707067,9.386902,9.386902,0.451792,0.048257,7e-06,0.999993,0.0,0.0,0.036791,0.064858,2.514466,13.057322,47,9.386902,9.13935,9.13935,0.417481,0.046367,0.0,1.0,0.0,0.0,0.041011,0.068401,2.471754,12.659431,47,9.13935,8.775083,8.775083,0.603096,0.068136,0.0,1.0,0.0,0.0,0.061285,0.08403,2.252612,10.132432,,,,,,,,,,,,,,,,,,,,,,,,,,,,,,,,,,,,,,,,,,,,,,,,,,,,,,,,
ok,airline__act_none__L5__seed0,0,none,5,2,100,2,32,34,2,17080,100,0.001,512,8192,8,True,98,0.956564,0.955725,0.955345,0.95448,0.955305,0.954508,18.296,342.661,361.402,"[41, 41, 47, 47, 49]",450,,9.096005,8.451302,0.506056,0.055583,7e-06,7e-06,0.999993,0.0,41,10.084098,9.73876,9.73876,0.464637,0.045324,7e-06,0.999993,0.0,0.0,0.039114,0.070539,2.552218,13.865183,41,9.73876,9.422342,9.422342,0.470729,0.049343,7e-06,0.999993,0.0,0.0,0.040906,0.074909,2.553484,13.584657,47,9.422342,9.104126,9.104126,0.481139,0.052439,7e-06,0.999993,0.0,0.0,0.043322,0.068905,2.560965,13.706709,47,9.104126,8.763496,8.763496,0.531517,0.060572,7e-06,0.999993,0.0,0.0,0.061215,0.08703,2.385694,11.648852,49,8.763496,8.451302,8.451302,0.582255,0.070236,7e-06,0.999993,0.0,0.0,0.038699,0.069117,2.231342,10.359137,,,,,,,,,,,,,,,,,,,,,,,,,,,,,,,,,,,,,,,,,,
ok,airline__act_none__L6__seed0,0,none,6,2,100,2,32,34,2,20778,100,0.001,512,8192,8,True,56,0.957013,0.956123,0.955794,0.954887,0.954304,0.953419,21.917,398.256,420.781,"[41, 41, 47, 47, 49, 49]",548,,9.15259,8.43125,0.426591,0.047293,7e-06,7e-06,0.999993,0.0,41,10.084098,9.785856,9.785856,0.400832,0.039766,7e-06,0.999993,0.0,0.0,0.043894,0.073363,2.514455,13.24922,41,9.785856,9.52966,9.52966,0.379304,0.039729,7e-06,0.999993,0.0,0.0,0.033692,0.062079,2.547122,13.351957,47,9.52966,9.350706,9.350706,0.261323,0.027073,7e-06,0.999993,0.0,0.0,0.029165,0.048249,2.537127,13.44413,47,9.350706,9.019915,9.019915,0.471356,0.053327,7e-06,0.999993,0.0,0.0,0.050499,0.076442,2.221196,9.844433,49,9.019915,8.798153,8.798153,0.38323,0.044195,7e-06,0.999993,0.0,0.0,0.029189,0.054668,2.5656,14.014205,49,8.798153,8.43125,8.43125,0.663499,0.079669,7e-06,0.999993,0.0,0.0,0.044866,0.059836,2.134015,9.221256,,,,,,,,,,,,,,,,,,,,,,,,,,,,
ok,airline__act_none__L7__seed0,0,none,7,2,100,2,32,34,2,24180,100,0.001,512,8192,8,True,89,0.957013,0.956145,0.95605,0.955203,0.95415,0.953314,25.823,446.693,473.084,"[41, 41, 47, 47, 49, 49, 45]",638,,9.457982,8.695975,0.395512,0.042863,7e-06,7e-06,0.999993,0.0,41,10.084098,10.134882,10.134882,0.409149,0.041661,7e-06,0.999993,0.0,0.0,0.060869,0.078027,2.57399,13.980286,41,10.134882,9.931756,9.931756,0.319994,0.032385,7e-06,0.999993,0.0,0.0,0.032381,0.060636,2.503696,12.870213,47,9.931756,9.735948,9.735948,0.293752,0.029538,7e-06,0.999993,0.0,0.0,0.028262,0.048968,2.517964,13.283058,47,9.735948,9.471563,9.471563,0.399209,0.043033,7e-06,0.999993,0.0,0.0,0.048376,0.07612,2.38178,11.502693,49,9.471563,9.231087,9.231087,0.364982,0.040101,7e-06,0.999993,0.0,0.0,0.022755,0.045484,2.405583,11.826677,49,9.231087,9.004661,9.004661,0.427603,0.048639,7e-06,0.999993,0.0,0.0,0.025099,0.044638,2.348078,11.319888,45,9.004661,8.695975,8.695975,0.553894,0.064686,7e-06,0.999993,0.0,0.0,0.057183,0.087381,2.359265,11.278607,,,,,,,,,,,,,,
ok,airline__act_none__L8__seed0,0,none,8,2,100,2,32,34,2,27878,100,0.001,512,8192,8,True,82,0.956114,0.955234,0.954126,0.953257,0.953149,0.952308,29.575,497.885,528.04,"[41, 41, 47, 47, 49, 49, 45, 49]",736,,9.217076,8.32477,0.386834,0.042473,7e-06,7e-06,0.999993,0.0,41,10.084098,9.929511,9.929511,0.405502,0.04019,7e-06,0.999993,0.0,0.0,0.043808,0.071682,2.473558,12.741418,41,9.929511,9.767817,9.767817,0.265456,0.026624,7e-06,0.999993,0.0,0.0,0.029326,0.054997,2.525434,13.350052,47,9.767817,9.62178,9.62178,0.233771,0.023271,7e-06,0.999993,0.0,0.0,0.017203,0.034213,2.633729,15.09826,47,9.62178,9.384767,9.384767,0.341575,0.03747,7e-06,0.999993,0.0,0.0,0.028504,0.053462,2.327733,11.198369,49,9.384767,9.151305,9.151305,0.335967,0.036932,7e-06,0.999993,0.0,0.0,0.020637,0.041763,2.494479,12.976918,49,9.151305,8.925915,8.925915,0.372522,0.041196,7e-06,0.999993,0.0,0.0,0.021099,0.042857,2.310904,10.814708,45,8.925915,8.630748,8.630748,0.490442,0.056237,7e-06,0.999993,0.0,0.0,0.042602,0.075806,2.349853,11.050211,49,8.630748,8.32477,8.32477,0.649438,0.077864,7e-06,0.999993,0.0,0.0,0.039731,0.059281,2.414013,11.886541
ok,airline__act_none__L9__seed0,0,none,9,2,100,2,32,34,2,31132,100,0.001,512,8192,8,True,85,0.955152,0.954306,0.954318,0.95346,0.952918,0.952076,33.123,559.266,593.044,"[41, 41, 47, 47, 49, 49, 45, 49, 43]",822,,9.256359,8.37263,0.355267,0.038782,7e-06,7e-06,0.999993,0.0,41,10.084098,9.931216,9.931216,0.430378,0.043609,7e-06,0.999993,0.0,0.0,0.036624,0.06243,2.265291,10.443033,41,9.931216,9.817834,9.817834,0.229649,0.022291,7e-06,0.999993,0.0,0.0,0.024072,0.047951,2.501539,12.953029,47,9.817834,9.681067,9.681067,0.222397,0.021474,7e-06,0.999993,0.0,0.0,0.017038,0.033675,2.638002,15.241096,47,9.681067,9.465169,9.465169,0.3148,0.033776,7e-06,0.999993,0.0,0.0,0.034161,0.060414,2.48356,12.90736,49,9.465169,9.302216,9.302216,0.267979,0.028652,7e-06,0.999993,0.0,0.0,0.021069,0.038111,2.517602,13.422531,49,9.302216,9.141957,9.141957,0.287615,0.030734,7e-06,0.999993,0.0,0.0,0.021457,0.044726,2.560862,13.836093,45,9.141957,8.901793,8.901793,0.400269,0.04595,7e-06,0.999993,0.0,0.0,0.03347,0.06389,2.360349,11.24916,49,8.901793,8.693352,8.693352,0.390629,0.04286,7e-06,0.999993,0.0,0.0,0.026843,0.047164,2.486889,12.911646
ok,airline__act_none__L10__seed0,0,none,10,2,100,2,32,34,2,35052,100,0.001,512,8192,8,True,67,0.95451,0.953602,0.953163,0.952279,0.954073,0.953208,37.067,605.41,643.202,"[41, 41, 47, 47, 49, 49, 45, 49, 43, 52]",926,,10.174984,9.152807,0.412212,0.042009,3e-06,0.0,0.999997,0.0,41,10.084098,10.489483,10.489483,0.60475,0.061831,7e-06,0.999993,0.0,0.0,0.059791,0.071334,2.398745,11.741034,41,10.489483,10.692624,10.692624,0.365578,0.037307,7e-06,0.999993,0.0,0.0,0.025211,0.046545,2.124611,9.081131,47,10.692624,10.869935,10.869935,0.349061,0.035219,7e-06,0.999993,0.0,0.0,0.021813,0.037343,2.204097,9.864128,47,10.869935,10.683947,10.683947,0.324408,0.03108,7e-06,0.999993,0.0,0.0,0.038675,0.063512,2.350696,11.332958,49,10.683947,10.451781,10.451781,0.327195,0.032427,0.0,1.0,0.0,0.0,0.023187,0.03991,2.332451,11.190204,49,10.451781,10.275876,10.275876,0.267018,0.024845,0.0,1.0,0.0,0.0,0.023526,0.044071,2.466375,12.751834,45,10.275876,9.953869,9.953869,0.475512,0.046365,0.0,1.0,0.0,0.0,0.031896,0.057239,2.21981,9.753188,49,9.953869,9.74,9.74,0.372714,0.037207,0.0,1.0,0.0,0.0,0.037686,0.06219,2.430245,12.242671
ok,airline__act_none__L11__seed0,0,none,11,2,100,2,32,34,2,39046,100,0.001,512,8192,8,True,81,0.95528,0.954375,0.950725,0.949778,0.954612,0.953758,40.324,658.027,699.198,"[41, 41, 47, 47, 49, 49, 45, 49, 43, 52, 53]",1032,,10.060796,9.035895,0.375792,0.038661,6e-06,0.0,0.999994,0.0,41,10.084098,10.522899,10.522899,0.678542,0.069858,7e-06,0.999993,0.0,0.0,0.054654,0.05992,2.39152,11.61556,41,10.522899,10.421086,10.421086,0.230634,0.021245,7e-06,0.999993,0.0,0.0,0.026697,0.04809,2.40698,12.047452,47,10.421086,10.622306,10.622306,0.392876,0.04094,7e-06,0.999993,0.0,0.0,0.017398,0.030266,2.074285,8.687815,47,10.622306,10.474666,10.474666,0.287609,0.027764,7e-06,0.999993,0.0,0.0,0.03106,0.053863,2.337508,11.247295,49,10.474666,10.358488,10.358488,0.201176,0.019196,7e-06,0.999993,0.0,0.0,0.019359,0.034497,2.355573,11.797775,49,10.358488,10.247901,10.247901,0.300197,0.029793,7e-06,0.999993,0.0,0.0,0.026023,0.045502,2.419571,12.013048,45,10.247901,10.058612,10.058612,0.294843,0.028839,7e-06,0.999993,0.0,0.0,0.02315,0.044834,2.439645,12.319392,49,10.058612,9.905496,9.905496,0.260773,0.025158,7e-06,0.999993,0.0,0.0,0.021787,0.042275,2.39767,12.068246
ok,airline__act_none__L12__seed0,0,none,12,2,100,2,32,34,2,42670,100,0.001,512,8192,8,True,61,0.952971,0.952107,0.950276,0.94935,0.953226,0.952443,44.26,713.42,758.502,"[41, 41, 47, 47, 49, 49, 45, 49, 43, 52, 53, 48]",1128,,10.222723,9.106123,0.381445,0.038947,7e-06,7e-06,0.999993,0.0,41,10.084098,10.551586,10.551586,0.641476,0.066555,7e-06,0.999993,0.0,0.0,0.049144,0.055499,2.416903,11.993617,41,10.551586,10.553028,10.553028,0.270441,0.026429,7e-06,0.999993,0.0,0.0,0.025682,0.044291,2.294442,10.679494,47,10.553028,10.810392,10.810392,0.40842,0.042065,7e-06,0.999993,0.0,0.0,0.017655,0.030825,2.035921,8.439144,47,10.810392,10.720845,10.720845,0.278355,0.026768,7e-06,0.999993,0.0,0.0,0.029982,0.050547,2.39156,11.795834,49,10.720845,10.582029,10.582029,0.227637,0.021397,7e-06,0.999993,0.0,0.0,0.019891,0.034424,2.291312,11.09291,49,10.582029,10.537737,10.537737,0.359112,0.036526,7e-06,0.999993,0.0,0.0,0.028593,0.047479,2.382895,11.49883,45,10.537737,10.343699,10.343699,0.293332,0.02708,7e-06,0.999993,0.0,0.0,0.024681,0.047331,2.486037,12.965619,49,10.343699,10.21129,10.21129,0.286345,0.027979,7e-06,0.999993,0.0,0.0,0.030767,0.052504,2.408513,12.118839
ok,airline__act_post_relu__L1__seed0,0,post_relu,1,2,100,2,32,34,2,3176,100,0.001,512,8192,8,True,97,0.952201,0.951242,0.951687,0.95076,0.951956,0.951069,3.734,131.703,135.658,[41],82,,4.157697,4.157697,0.838625,0.087238,0.696806,0.696806,0.303194,0.696806,41,10.084098,10.173331,4.157697,0.838625,0.087238,0.696806,0.303194,0.696806,0.0,0.229523,0.224273,2.458776,12.058511,,,,,,,,,,,,,,,,,,,,,,,,,,,,,,,,,,,,,,,,,,,,,,,,,,,,,,,,,,,,,,,,,,,,,,,,,,,,,,,,,,,,,,,,,,,,,,,,,,
ok,airline__act_post_relu__L2__seed0,0,post_relu,2,2,100,2,32,34,2,6726,100,0.001,512,8192,8,True,94,0.956692,0.955769,0.954575,0.95371,0.956883,0.956025,7.432,182.862,190.569,"[41, 47]",176,,3.617676,3.49467,0.728966,0.15361,0.47576,0.242396,0.52424,0.47576,41,10.084098,9.662632,3.740681,0.683958,0.069798,0.709124,0.290876,0.709124,0.0,0.072739,0.111251,2.435346,12.408338,47,3.740681,3.498312,3.49467,0.773974,0.237422,0.242396,0.757604,0.242396,0.0,0.101828,0.082835,1.407653,4.263813,,,,,,,,,,,,,,,,,,,,,,,,,,,,,,,,,,,,,,,,,,,,,,,,,,,,,,,,,,,,,,,,,,,,,,,,,,,,,,,,,,,,
ok,airline__act_post_relu__L3__seed0,0,post_relu,3,2,100,2,32,34,2,9980,100,0.001,512,8192,8,True,79,0.958745,0.957912,0.957269,0.956327,0.959232,0.958485,11.056,237.465,248.958,"[41, 47, 43]",262,,3.833031,3.7217,0.619814,0.142868,0.401207,0.255263,0.598793,0.401207,41,10.084098,10.078263,3.982569,0.604413,0.062262,0.698436,0.301564,0.698436,0.0,0.0914,0.115312,2.461502,12.351561,47,3.982569,3.797065,3.794824,0.546524,0.155137,0.249921,0.750079,0.249921,0.0,0.082451,0.059665,1.429176,4.41526,43,3.794824,3.725202,3.7217,0.708505,0.211205,0.255263,0.744737,0.255263,0.0,0.094655,0.069577,0.784239,2.406886,,,,,,,,,,,,,,,,,,,,,,,,,,,,,,,,,,,,,,,,,,,,,,,,,,,,,,,,,,,,,,,,,,,,,,
ok,airline__act_post_relu__L4__seed0,0,post_relu,4,2,100,2,32,34,2,13234,100,0.001,512,8192,8,True,99,0.957975,0.957162,0.957526,0.956663,0.960079,0.959358,14.711,291.098,306.326,"[41, 47, 43, 43]",348,,3.878622,3.660014,0.585584,0.137388,0.370015,0.267208,0.629985,0.370015,41,10.084098,10.249252,4.14448,0.613379,0.061874,0.69351,0.30649,0.69351,0.0,0.073484,0.100334,2.470673,12.46215,47,4.14448,3.946609,3.946236,0.391615,0.102411,0.251059,0.748941,0.251059,0.0,0.065384,0.04924,1.579612,5.112736,43,3.946236,3.766093,3.763758,0.639982,0.177434,0.268282,0.731718,0.268282,0.0,0.095902,0.077414,1.418105,4.353599,43,3.763758,3.663071,3.660014,0.69736,0.207832,0.267208,0.732792,0.267208,0.0,0.088759,0.063572,1.068289,3.109583,,,,,,,,,,,,,,,,,,,,,,,,,,,,,,,,,,,,,,,,,,,,,,,,,,,,,,,,
ok,airline__act_post_relu__L5__seed0,0,post_relu,5,2,100,2,32,34,2,16488,100,0.001,512,8192,8,True,95,0.958681,0.957832,0.95836,0.95755,0.959309,0.958551,18.497,346.47,365.461,"[41, 47, 43, 43, 43]",434,,3.638591,3.453436,0.534022,0.136964,0.322747,0.24898,0.677253,0.322747,41,10.084098,10.048634,3.946671,0.553152,0.055741,0.700127,0.299873,0.700127,0.0,0.084953,0.111275,2.558802,13.909196,47,3.946671,3.774843,3.774592,0.325848,0.084944,0.233585,0.766415,0.233585,0.0,0.067212,0.056121,1.748684,6.044835,43,3.774592,3.568119,3.567408,0.517024,0.14612,0.215655,0.784345,0.215655,0.0,0.084754,0.070998,1.633067,5.317862,43,3.567408,3.452294,3.45085,0.558486,0.169216,0.215386,0.784614,0.215386,0.0,0.093766,0.077956,1.6179,5.266352,43,3.45085,3.456504,3.453436,0.715598,0.228798,0.24898,0.75102,0.24898,0.0,0.110671,0.093402,1.351376,4.006405,,,,,,,,,,,,,,,,,,,,,,,,,,,,,,,,,,,,,,,,,,
ok,airline__act_post_relu__L6__seed0,0,post_relu,6,2,100,2,32,34,2,20186,100,0.001,512,8192,8,True,100,0.958232,0.957273,0.958232,0.957273,0.95877,0.957904,22.03,401.991,424.544,"[41, 47, 43, 43, 43, 49]",532,,3.834571,3.600753,0.487003,0.123099,0.320222,0.273516,0.679778,0.320222,41,10.084098,10.330747,4.183701,0.543592,0.055362,0.687934,0.312066,0.687934,0.0,0.067391,0.083224,2.491131,12.819511,47,4.183701,4.040249,4.03992,0.279979,0.069152,0.263194,0.736806,0.263194,0.0,0.058072,0.04283,1.840339,6.62619,43,4.03992,3.885792,3.884753,0.427323,0.112376,0.259974,0.740026,0.259974,0.0,0.062171,0.050733,1.500521,4.794,43,3.884753,3.714996,3.714642,0.463911,0.132742,0.211383,0.788617,0.211383,0.0,0.083778,0.069721,1.626955,5.284066,43,3.714642,3.584665,3.583659,0.539251,0.167937,0.225327,0.774673,0.225327,0.0,0.0982,0.065112,1.358259,4.184552,49,3.583659,3.606243,3.600753,0.667963,0.201023,0.273516,0.726484,0.273516,0.0,0.080155,0.054659,1.07154,3.067799,,,,,,,,,,,,,,,,,,,,,,,,,,,,
ok,airline__act_post_relu__L7__seed0,0,post_relu,7,2,100,2,32,34,2,24328,100,0.001,512,8192,8,True,64,0.959002,0.958139,0.955537,0.954679,0.958385,0.957591,25.688,455.513,481.776,"[41, 47, 43, 43, 43, 49, 55]",642,,3.898648,3.65499,0.453739,0.111646,0.291129,0.256261,0.708871,0.291129,41,10.084098,10.476164,4.292439,0.660473,0.067104,0.686477,0.313523,0.686477,0.0,0.06765,0.086271,2.404525,11.659687,47,4.292439,4.168983,4.168753,0.234304,0.054567,0.242241,0.757759,0.242241,0.0,0.058255,0.041916,1.780069,6.248744,43,4.168753,4.023204,4.022838,0.315484,0.080009,0.227205,0.772795,0.227205,0.0,0.060579,0.042439,1.513183,4.798922,43,4.022838,3.836135,3.83583,0.430997,0.118106,0.201484,0.798516,0.201484,0.0,0.081259,0.06739,1.536085,4.815196,43,3.83583,3.702512,3.702241,0.352417,0.104679,0.199646,0.800354,0.199646,0.0,0.077355,0.055474,1.526976,4.922216,49,3.702241,3.614288,3.613448,0.550127,0.171348,0.224588,0.775412,0.224588,0.0,0.084015,0.048185,1.370145,4.167504,55,3.613448,3.659745,3.65499,0.632369,0.185708,0.256261,0.743739,0.256261,0.0,0.086368,0.060085,1.039235,2.922933,,,,,,,,,,,,,,
ok,airline__act_post_relu__L8__seed0,0,post_relu,8,2,100,2,32,34,2,27878,100,0.001,512,8192,8,True,77,0.958232,0.957372,0.955794,0.954929,0.958154,0.957364,29.447,508.159,538.228,"[41, 47, 43, 43, 43, 49, 55, 47]",736,,3.771603,3.618608,0.417842,0.105283,0.287156,0.292911,0.712844,0.287156,41,10.084098,10.318167,4.157025,0.58116,0.058138,0.693119,0.306881,0.693119,0.0,0.078879,0.091785,2.405251,11.775496,47,4.157025,4.016819,4.016663,0.234948,0.057751,0.236436,0.763564,0.236436,0.0,0.052055,0.036273,1.782664,6.228132,43,4.016663,3.905438,3.90518,0.232611,0.056819,0.212438,0.787562,0.212438,0.0,0.058291,0.045924,1.671044,5.56092,43,3.90518,3.779588,3.779363,0.348795,0.099039,0.215088,0.784912,0.215088,0.0,0.064687,0.057214,1.365407,4.146438,43,3.779363,3.633861,3.633656,0.361002,0.106054,0.196224,0.803776,0.196224,0.0,0.085944,0.076021,1.773924,6.329178,49,3.633656,3.540438,3.539469,0.379825,0.104431,0.212137,0.787863,0.212137,0.0,0.06867,0.050388,1.596442,5.310538,55,3.539469,3.52671,3.522859,0.552172,0.161109,0.238895,0.761105,0.238895,0.0,0.068402,0.041556,1.100146,3.136017,47,3.522859,3.623031,3.618608,0.652225,0.198923,0.292911,0.707089,0.292911,0.0,0.089525,0.049371,1.188569,3.403597
ok,airline__act_post_relu__L9__seed0,0,post_relu,9,2,100,2,32,34,2,31280,100,0.001,512,8192,8,True,91,0.956628,0.95571,0.955537,0.954669,0.957268,0.956437,33.119,561.86,595.746,"[41, 47, 43, 43, 43, 49, 55, 47, 45]",826,,3.599625,3.4384,0.363482,0.097271,0.272364,0.283867,0.727636,0.272364,41,10.084098,10.038599,3.991904,0.502826,0.050205,0.702867,0.297134,0.702866,0.0,0.061588,0.085543,2.430134,12.536748,47,3.991904,3.818325,3.818241,0.298947,0.083362,0.209857,0.790143,0.209857,0.0,0.054051,0.040739,1.769324,6.130083,43,3.818241,3.752084,3.751935,0.147495,0.038417,0.203962,0.796038,0.203962,0.0,0.048155,0.033439,1.793045,6.305482,43,3.751935,3.660997,3.660691,0.205992,0.050722,0.203441,0.796559,0.203441,0.0,0.054307,0.042835,1.752821,6.046745,43,3.660691,3.563794,3.563203,0.325526,0.095763,0.21707,0.78293,0.21707,0.0,0.055582,0.041129,1.487558,4.620901,49,3.563203,3.454557,3.454403,0.279317,0.088932,0.191751,0.808249,0.191751,0.0,0.060813,0.040621,1.781659,6.448708,55,3.454403,3.383282,3.380891,0.443797,0.12878,0.210938,0.789063,0.210938,0.0,0.066114,0.046208,1.59037,5.370221,47,3.380891,3.338761,3.33696,0.483113,0.158239,0.227525,0.772475,0.227525,0.0,0.087503,0.067879,1.606474,5.475895
ok,airline__act_post_relu__L10__seed0,0,post_relu,10,2,100,2,32,34,2,34534,100,0.001,512,8192,8,True,73,0.956564,0.955741,0.954639,0.953801,0.956883,0.956149,36.898,614.7,652.316,"[41, 47, 43, 43, 43, 49, 55, 47, 45, 43]",912,,3.899471,3.593621,0.350888,0.086293,0.288744,0.284485,0.711256,0.288744,41,10.084098,10.492633,4.309615,0.667059,0.068586,0.686057,0.313943,0.686057,0.0,0.087133,0.105641,2.409028,11.735086,47,4.309615,4.236318,4.236256,0.130694,0.029494,0.309545,0.690455,0.309545,0.0,0.046788,0.031942,1.864502,6.847625,43,4.236256,4.128137,4.128076,0.189823,0.045186,0.228494,0.771506,0.228494,0.0,0.050959,0.041886,1.736253,5.994576,43,4.128076,4.047769,4.047646,0.169074,0.03994,0.220858,0.779142,0.220858,0.0,0.057463,0.046057,1.715337,5.825742,43,4.047646,3.940906,3.940791,0.247022,0.065614,0.211232,0.788768,0.211232,0.0,0.058481,0.050211,1.651092,5.51471,49,3.940791,3.845346,3.845176,0.248314,0.068521,0.207796,0.792204,0.207796,0.0,0.05789,0.039713,1.745955,6.100999,55,3.845176,3.739274,3.738035,0.442094,0.120762,0.267682,0.732318,0.267682,0.0,0.063886,0.051914,1.397726,4.268358,47,3.738035,3.588208,3.587754,0.444039,0.137844,0.225288,0.774712,0.225288,0.0,0.072216,0.049361,1.602826,5.284385
ok,airline__act_post_relu__L11__seed0,0,post_relu,11,2,100,2,32,34,2,37936,100,0.001,512,8192,8,True,61,0.957718,0.956852,0.953227,0.952388,0.957268,0.956496,40.415,670.161,711.364,"[41, 47, 43, 43, 43, 49, 55, 47, 45, 43, 45]",1002,,3.735978,3.466125,0.310138,0.079682,0.259958,0.26807,0.740042,0.259958,41,10.084098,10.367827,4.191052,0.582833,0.059347,0.690746,0.309254,0.690746,0.0,0.068061,0.083352,2.467286,12.608435,47,4.191052,4.097097,4.096991,0.15826,0.039583,0.250714,0.749286,0.250714,0.0,0.046623,0.030855,1.822493,6.547013,43,4.096991,4.007697,4.007606,0.161988,0.03753,0.221497,0.778503,0.221497,0.0,0.048449,0.030976,1.674906,5.599616,43,4.007606,3.902741,3.902619,0.221794,0.059378,0.227428,0.772572,0.227428,0.0,0.05439,0.04187,1.282712,3.779629,43,3.902619,3.819416,3.81935,0.22182,0.062843,0.206173,0.793827,0.206173,0.0,0.050801,0.039135,1.632217,5.365569,49,3.81935,3.704883,3.704854,0.225005,0.066816,0.186746,0.813254,0.186746,0.0,0.056072,0.033546,1.758789,6.13339,55,3.704854,3.615678,3.615221,0.314024,0.086592,0.199427,0.800573,0.199427,0.0,0.055541,0.037067,1.484981,4.598723,47,3.615221,3.48476,3.484658,0.298038,0.09665,0.190753,0.809247,0.190753,0.0,0.063313,0.035143,1.663123,5.493142
ok,airline__act_post_relu__L12__seed0,0,post_relu,12,2,100,2,32,34,2,40746,100,0.001,512,8192,8,True,87,0.958488,0.957626,0.955794,0.954952,0.957499,0.956686,44.096,726.326,771.253,"[41, 47, 43, 43, 43, 49, 55, 47, 45, 43, 45, 37]",1076,,3.746521,3.600633,0.303682,0.079373,0.267983,0.284241,0.732017,0.267983,41,10.084098,10.223711,4.100623,0.516575,0.052707,0.693988,0.306012,0.693988,0.0,0.070353,0.083885,2.430487,12.225693,47,4.100623,4.020308,4.020241,0.150278,0.036575,0.274382,0.725618,0.274382,0.0,0.045339,0.02947,1.822029,6.505914,43,4.020241,3.975377,3.975316,0.110146,0.030081,0.253691,0.746309,0.253691,0.0,0.045188,0.032107,1.761223,6.213183,43,3.975316,3.913722,3.913602,0.169463,0.048997,0.253659,0.746341,0.253659,0.0,0.046525,0.02874,1.489651,4.733151,43,3.913602,3.832107,3.832068,0.212851,0.063153,0.196052,0.803948,0.196052,0.0,0.048737,0.036692,1.678488,5.614816,49,3.832068,3.765597,3.765539,0.16577,0.043781,0.189169,0.810831,0.189169,0.0,0.052512,0.029208,1.582989,5.072859,55,3.765539,3.687081,3.686688,0.312986,0.085084,0.205566,0.794434,0.205566,0.0,0.052131,0.039355,1.422839,4.315189,47,3.686688,3.594273,3.594208,0.227835,0.070353,0.190494,0.809506,0.190494,0.0,0.057073,0.035473,1.636402,5.33775
ok,airline__act_parent_relu__L1__seed0,0,parent_relu,1,2,100,2,32,34,2,3176,100,0.001,512,8192,8,True,76,0.953227,0.95226,0.952329,0.951472,0.953419,0.95255,3.77,137.199,141.271,[41],82,,5.914586,5.914586,0.543707,0.056208,7e-06,7e-06,0.999993,0.432603,41,10.084098,10.053211,5.914586,0.543707,0.056208,7e-06,0.999993,0.432603,5.602254,0.066451,0.108657,2.469066,12.75295,,,,,,,,,,,,,,,,,,,,,,,,,,,,,,,,,,,,,,,,,,,,,,,,,,,,,,,,,,,,,,,,,,,,,,,,,,,,,,,,,,,,,,,,,,,,,,,,,,
ok,airline__act_parent_relu__L2__seed0,0,parent_relu,2,2,100,2,32,34,2,3766,100,0.001,512,8192,8,True,90,0.956114,0.955153,0.955024,0.954167,0.956075,0.955195,7.433,193.835,201.593,"[41, 7]",96,,5.517656,5.34587,0.821637,0.120324,4e-06,0.0,0.999996,0.427131,41,10.084098,9.633066,5.689442,0.764868,0.077244,7e-06,0.999993,0.408731,6.120526,0.100893,0.144853,2.476799,12.670162,7,5.689442,6.348308,5.34587,0.878406,0.163404,0.0,1.0,0.445532,4.198494,0.126481,0.1907,0.941744,2.868234,,,,,,,,,,,,,,,,,,,,,,,,,,,,,,,,,,,,,,,,,,,,,,,,,,,,,,,,,,,,,,,,,,,,,,,,,,,,,,,,,,,,
ok,airline__act_parent_relu__L3__seed0,0,parent_relu,3,2,100,2,32,34,2,5244,100,0.001,512,8192,8,True,97,0.955922,0.955005,0.955409,0.954476,0.955767,0.95493,11.058,254.215,265.657,"[41, 7, 19]",134,,5.7551,5.73189,0.70849,0.112827,0.0,0.0,1.0,0.398349,41,10.084098,10.096722,5.87106,0.597992,0.061192,0.0,1.0,0.432452,6.041832,0.070484,0.110289,2.578054,14.088949,7,5.87106,6.240262,5.662351,0.659926,0.117551,0.0,1.0,0.416719,5.256467,0.108394,0.104457,0.965089,2.688501,19,5.662351,6.012194,5.73189,0.867552,0.159738,0.0,1.0,0.345875,3.80905,0.134031,0.092603,0.833216,2.511174,,,,,,,,,,,,,,,,,,,,,,,,,,,,,,,,,,,,,,,,,,,,,,,,,,,,,,,,,,,,,,,,,,,,,,
ok,airline__act_parent_relu__L4__seed0,0,parent_relu,4,2,100,2,32,34,2,6278,100,0.001,512,8192,8,True,82,0.958553,0.957718,0.958103,0.957206,0.957769,0.957012,14.727,313.63,328.8,"[41, 7, 19, 13]",160,,5.916772,6.162338,0.676128,0.107376,4e-06,0.0,0.999996,0.432344,41,10.084098,10.177045,6.3875,0.727091,0.075378,7e-06,0.999993,0.456342,6.443223,0.101035,0.130499,2.410924,12.022712,7,6.3875,6.731448,5.506438,0.577459,0.089773,7e-06,0.999993,0.484892,4.987731,0.09327,0.124294,1.236495,3.52508,19,5.506438,5.653719,5.61081,0.563996,0.106448,0.0,1.0,0.351405,4.885427,0.123763,0.108848,1.23878,3.613206,13,5.61081,6.031908,6.162338,0.835965,0.157905,0.0,1.0,0.436739,4.415904,0.108369,0.051453,0.573424,1.853506,,,,,,,,,,,,,,,,,,,,,,,,,,,,,,,,,,,,,,,,,,,,,,,,,,,,,,,,
ok,airline__act_parent_relu__L5__seed0,0,parent_relu,5,2,100,2,32,34,2,7756,100,0.001,512,8192,8,True,95,0.957141,0.956276,0.955986,0.955114,0.956498,0.955712,18.283,373.702,392.517,"[41, 7, 19, 13, 19]",198,,5.799909,6.152645,0.592312,0.098078,4e-06,0.0,0.999996,0.406175,41,10.084098,9.675552,6.021674,0.712344,0.072187,7e-06,0.999993,0.425426,7.012876,0.104469,0.138609,2.429399,12.319221,7,6.021674,6.295524,5.233927,0.494564,0.087304,7e-06,0.999993,0.476142,4.774109,0.027894,0.037851,1.025706,2.818248,19,5.233927,5.503298,5.687529,0.596975,0.121799,7e-06,0.999993,0.360391,4.988603,0.143853,0.110663,1.115089,3.178717,13,5.687529,5.750206,5.903771,0.543434,0.100001,0.0,1.0,0.37374,4.696156,0.079102,0.051701,0.717335,2.123176,19,5.903771,5.776661,6.152645,0.614242,0.109097,0.0,1.0,0.395174,5.199555,0.150383,0.082295,0.546123,1.831908,,,,,,,,,,,,,,,,,,,,,,,,,,,,,,,,,,,,,,,,,,
ok,airline__act_parent_relu__L6__seed0,0,parent_relu,6,2,100,2,32,34,2,8642,100,0.001,512,8192,8,True,80,0.958681,0.957803,0.958296,0.957426,0.958308,0.957479,22.126,434.965,457.802,"[41, 7, 19, 13, 19, 11]",220,,5.868238,6.744272,0.544646,0.09024,2e-06,0.0,0.999998,0.389822,41,10.084098,9.682577,6.131541,0.61101,0.063271,7e-06,0.999993,0.394567,7.24238,0.061432,0.103184,2.473221,12.999,7,6.131541,6.503958,5.196016,0.606276,0.102171,7e-06,0.999993,0.487649,4.334854,0.030071,0.054635,1.125114,3.121894,19,5.196016,5.185583,5.115512,0.384796,0.076072,0.0,1.0,0.430064,4.121702,0.04597,0.047293,1.161865,3.304794,13,5.115512,5.118792,5.621946,0.398092,0.080395,0.0,1.0,0.42982,4.911582,0.050321,0.040457,0.855201,2.401636,19,5.621946,5.80949,6.400143,0.765008,0.141705,0.0,1.0,0.384773,5.684361,0.156849,0.087846,0.811148,2.371698,11,6.400143,6.573722,6.744272,0.502693,0.077827,0.0,1.0,0.212058,5.417518,0.114045,0.057184,0.838612,2.521902,,,,,,,,,,,,,,,,,,,,,,,,,,,,
ok,airline__act_parent_relu__L7__seed0,0,parent_relu,7,2,100,2,32,34,2,9528,100,0.001,512,8192,8,True,72,0.958488,0.957591,0.957334,0.956457,0.958038,0.957218,25.852,490.751,517.255,"[41, 7, 19, 13, 19, 11, 11]",242,,6.437139,8.047204,0.679566,0.109008,3e-06,0.0,0.999997,0.394907,41,10.084098,9.911922,6.207073,0.682697,0.069193,7e-06,0.999993,0.417682,7.357584,0.099793,0.135567,2.636677,14.781543,7,6.207073,6.563254,5.34109,0.597977,0.097874,7e-06,0.999993,0.449291,5.085991,0.101868,0.126613,1.385693,4.073635,19,5.34109,5.4517,5.489664,0.56873,0.118771,7e-06,0.999993,0.378138,4.884106,0.103822,0.084495,1.065899,3.092982,13,5.489664,5.61858,6.001859,0.690819,0.131121,0.0,1.0,0.51607,5.323523,0.111354,0.050767,0.703915,2.071643,19,6.001859,6.28955,6.7352,0.77312,0.133313,0.0,1.0,0.38524,5.823724,0.127943,0.060001,0.367862,1.525418,11,6.7352,6.980312,7.237883,0.601102,0.090567,0.0,1.0,0.280805,5.749103,0.103115,0.031988,0.302184,1.391789,11,7.237883,7.530411,8.047204,0.842517,0.12222,0.0,1.0,0.337122,6.34195,0.123251,0.036377,0.235248,1.308244,,,,,,,,,,,,,,
ok,airline__act_parent_relu__L8__seed0,0,parent_relu,8,2,100,2,32,34,2,10414,100,0.001,512,8192,8,True,85,0.958617,0.957738,0.958103,0.957213,0.958115,0.957307,29.693,551.21,581.602,"[41, 7, 19, 13, 19, 11, 11, 11]",264,,6.41453,8.204467,0.599713,0.096466,1e-06,0.0,0.999999,0.420582,41,10.084098,9.646879,6.176413,0.633177,0.064637,7e-06,0.999993,0.38678,7.083135,0.078157,0.119666,2.58338,14.377813,7,6.176413,6.569552,5.487323,0.567592,0.091737,0.0,1.0,0.432492,5.119681,0.075854,0.091666,1.351156,3.907836,19,5.487323,5.438523,5.008663,0.466131,0.086642,0.0,1.0,0.416762,4.289691,0.080815,0.075713,1.112801,3.472431,13,5.008663,5.25631,5.539887,0.580348,0.122034,0.0,1.0,0.471985,4.349844,0.098935,0.071374,0.854262,2.424289,19,5.539887,5.709823,6.303986,0.631942,0.122538,0.0,1.0,0.5,5.248415,0.069021,0.026682,0.760483,2.257487,11,6.303986,6.382624,7.083123,0.587767,0.099371,0.0,1.0,0.495537,5.967344,0.10524,0.051181,0.311478,1.40186,11,7.083123,7.187385,7.51238,0.556865,0.079768,0.0,1.0,0.36638,5.929279,0.143701,0.079745,0.658459,2.00199,11,7.51238,7.88847,8.204467,0.77388,0.105,0.0,1.0,0.294721,6.634451,0.134877,0.041715,0.35304,1.525023
ok,airline__act_parent_relu__L9__seed0,0,parent_relu,9,2,100,2,32,34,2,11448,100,0.001,512,8192,8,True,80,0.957718,0.956877,0.95759,0.956742,0.956729,0.955917,33.002,613.983,647.745,"[41, 7, 19, 13, 19, 11, 11, 11, 13]",290,,6.700685,8.658482,0.580944,0.087117,2e-06,0.0,0.999998,0.401228,41,10.084098,9.885479,6.362857,0.526783,0.053143,7e-06,0.999993,0.389332,6.959704,0.061505,0.100635,2.510925,13.415652,7,6.362857,6.583763,5.511364,0.369359,0.058858,7e-06,0.999993,0.446343,4.65723,0.101262,0.109828,1.430234,4.237276,19,5.511364,5.519548,5.185001,0.419793,0.077237,7e-06,0.999993,0.411528,4.045971,0.061043,0.044665,1.032079,2.953116,13,5.185001,5.153215,5.632096,0.276535,0.052597,0.0,1.0,0.422388,4.627309,0.096385,0.077285,1.066221,3.053424,19,5.632096,5.605877,6.114726,0.359187,0.06447,0.0,1.0,0.430485,5.621692,0.078893,0.055854,0.406734,1.640213,11,6.114726,6.246517,6.928248,0.884264,0.149931,0.0,1.0,0.468685,5.762223,0.117965,0.035395,0.665279,1.992319,11,6.928248,7.248043,7.619432,0.900976,0.13398,0.0,1.0,0.454654,6.395448,0.157858,0.059648,0.350355,1.461241,11,7.619432,7.885043,8.293958,0.902158,0.12208,0.0,1.0,0.332616,6.569515,0.145062,0.045138,0.092441,1.105776
ok,airline__act_parent_relu__L10__seed0,0,parent_relu,10,2,100,2,32,34,2,12334,100,0.001,512,8192,8,True,91,0.956628,0.955713,0.956114,0.955209,0.955497,0.954631,36.777,672.316,709.902,"[41, 7, 19, 13, 19, 11, 11, 11, 13, 11]",312,,6.010708,7.786265,0.469571,0.074914,4e-06,0.0,0.999996,0.472137,41,10.084098,9.733776,5.906055,0.481458,0.046761,7e-06,0.999993,0.399231,6.229353,0.062305,0.10284,2.668464,15.793114,7,5.906055,5.722108,4.894892,0.297687,0.050203,7e-06,0.999993,0.419706,4.31492,0.042638,0.108625,1.149895,3.213136,19,4.894892,4.709165,4.50047,0.485591,0.106261,7e-06,0.999993,0.456284,3.947181,0.071062,0.055491,1.26638,3.673898,13,4.50047,4.404562,4.734818,0.217832,0.045609,7e-06,0.999993,0.503282,3.812001,0.075266,0.060059,1.165134,3.293346,19,4.734818,4.711373,5.188541,0.187627,0.041804,7e-06,0.999993,0.436136,4.505468,0.078506,0.041636,1.029255,2.999159,11,5.188541,5.109297,5.868443,0.214149,0.036705,0.0,1.0,0.598489,5.428011,0.105359,0.049827,0.640428,1.994468,11,5.868443,5.754965,6.880524,0.423849,0.076156,0.0,1.0,0.590461,6.562061,0.097675,0.028897,0.658599,1.955483,11,6.880524,6.871922,7.034818,0.686622,0.103481,0.0,1.0,0.462119,6.665778,0.140693,0.052229,0.484636,1.718551
ok,airline__act_parent_relu__L11__seed0,0,parent_relu,11,2,100,2,32,34,2,12998,100,0.001,512,8192,8,True,56,0.958296,0.957437,0.957269,0.956363,0.958308,0.957531,40.439,733.028,774.373,"[41, 7, 19, 13, 19, 11, 11, 11, 13, 11, 8]",328,,7.170983,9.663414,0.473604,0.067659,2e-06,0.0,0.999998,0.390832,41,10.084098,10.074428,6.522442,0.445165,0.044737,7e-06,0.999993,0.365665,7.168769,0.059628,0.090798,2.44282,12.623195,7,6.522442,6.570893,5.439635,0.254046,0.039374,7e-06,0.999993,0.476695,4.831747,0.081228,0.109201,1.181222,3.457339,19,5.439635,5.5281,5.13053,0.363978,0.067607,7e-06,0.999993,0.450095,3.922692,0.079169,0.071138,1.281673,3.768632,13,5.13053,5.266215,5.528624,0.265805,0.056476,0.0,1.0,0.492065,4.394331,0.076455,0.057706,0.901924,2.583093,19,5.528624,5.745873,6.099165,0.470851,0.089032,0.0,1.0,0.368958,4.930883,0.111513,0.049249,0.78201,2.304516,11,6.099165,6.194197,6.891231,0.354049,0.061669,0.0,1.0,0.517657,5.876411,0.103355,0.052329,0.712134,2.188218,11,6.891231,7.045407,7.584065,0.577742,0.089052,0.0,1.0,0.46772,6.448703,0.158023,0.059248,0.162936,1.199117,11,7.584065,7.716523,8.099823,0.277243,0.037586,0.0,1.0,0.313538,6.67465,0.131742,0.046181,0.15893,1.212828
ok,airline__act_parent_relu__L12__seed0,0,parent_relu,12,2,100,2,32,34,2,13662,100,0.001,512,8192,8,True,90,0.958168,0.957331,0.957077,0.956169,0.958192,0.957418,44.517,791.228,836.795,"[41, 7, 19, 13, 19, 11, 11, 11, 13, 11, 8, 8]",344,,6.999258,9.639661,0.443818,0.063258,2e-06,0.0,0.999998,0.382274,41,10.084098,10.041734,6.448602,0.375898,0.037537,7e-06,0.999993,0.377244,7.006065,0.059913,0.098963,2.557689,14.093066,7,6.448602,6.457553,5.26175,0.208393,0.032034,7e-06,0.999993,0.470129,4.415419,0.054278,0.095398,1.269374,3.682647,19,5.26175,5.2433,4.906575,0.281299,0.053395,7e-06,0.999993,0.391867,4.104472,0.074834,0.065022,1.33661,4.09611,13,4.906575,4.963454,5.097949,0.341436,0.074281,7e-06,0.999993,0.505062,4.197045,0.06266,0.038339,0.658869,2.01918,19,5.097949,5.038321,5.590705,0.222256,0.04459,0.0,1.0,0.421067,4.661083,0.090498,0.046242,1.010708,2.899676,11,5.590705,5.678021,6.327495,0.298428,0.056353,0.0,1.0,0.422482,5.487973,0.089243,0.034368,0.890437,2.569028,11,6.327495,6.369822,7.070613,0.460732,0.076636,0.0,1.0,0.485247,6.212432,0.091594,0.034174,0.765142,2.353842,11,7.070613,7.169174,7.501204,0.361569,0.051479,0.0,1.0,0.372634,6.651402,0.146408,0.059654,0.374456,1.525807
