status,run_id,dataset,model,mode,seed,layers,fixed_k,selected_k,max_children,extra_dims,input_dim,state_dim,num_classes,epochs,lr,batch_size,init_samples,kmeans_iters,params,best_epoch,best_val_acc,best_val_f1,final_val_acc,final_val_f1,test_acc,test_f1,train_time_sec,selected_children,total_children,train_fisher_before,train_fisher_after,val_fisher_before,val_fisher_after,test_fisher_before,test_fisher_after,diag_sigma_mean,diag_sigma_min,diag_sigma_max,diag_charge_abs_mean,diag_parent_norm,diag_child_offset_norm,diag_anchor_alpha_entropy,diag_anchor_alpha_eff,diag_parent_top_rate,diag_child_top_rate,diag_gate_mean,diag_gate_active,diag_move_norm
ok,checkerboard3d_g4__L1_extra3__autok_max48__seed0,checkerboard3d_g4,AAT-L1-extra3-AutoK-max48,auto,0,1,,5,48,3,3,6,2,300,0.002,256,4096,8,120,68,0.616699,0.61466,0.603516,0.597122,0.616699,0.61557,65.082,"[[5, 5]]",10,0.619791,8.521039,2.350612,6.460718,0.442495,5.534644,0.106792,0.085612,0.137876,0.769741,0.76979,0.663468,0.155269,1.167972,0.539062,0.460938,0.985514,0.219775,0.25633
ok,checkerboard3d_g4__L1_extra3__fixed_k02__seed0,checkerboard3d_g4,AAT-L1-extra3-K2,fixed,0,1,2,2,2,3,3,6,2,300,0.002,256,4096,8,66,283,0.573242,0.568168,0.571289,0.564909,0.563965,0.561116,60.299,"[[2, 2]]",4,0.619791,9.897012,2.350612,4.948846,0.442495,2.912543,0.209445,0.137076,0.29615,1.122681,1.21845,1.094002,0.238785,1.269705,0.573242,0.426758,0.112329,0.085449,0.326764
ok,checkerboard3d_g4__L1_extra3__fixed_k03__seed0,checkerboard3d_g4,AAT-L1-extra3-K3,fixed,0,1,3,3,3,3,3,6,2,300,0.002,256,4096,8,84,55,0.568848,0.546462,0.558105,0.552899,0.547363,0.530959,52.071,"[[3, 3]]",6,0.619791,2.250905,2.350612,2.791779,0.442495,1.034869,0.223107,0.149343,0.279281,0.557787,0.700531,0.87121,0.40427,1.498208,0.129395,0.870605,0.182458,0.165365,0.096745
ok,checkerboard3d_g4__L1_extra3__fixed_k04__seed0,checkerboard3d_g4,AAT-L1-extra3-K4,fixed,0,1,4,4,4,3,3,6,2,300,0.002,256,4096,8,102,283,0.657227,0.656161,0.648438,0.646592,0.644531,0.644091,34.3,"[[4, 4]]",8,0.619791,5.283296,2.350612,4.109708,0.442495,2.374058,0.169552,0.147947,0.20881,1.162137,0.875272,1.0669,0.305733,1.35762,0.018066,0.981934,0.296343,0.188354,0.260625
ok,checkerboard3d_g4__L1_extra3__fixed_k05__seed0,checkerboard3d_g4,AAT-L1-extra3-K5,fixed,0,1,5,5,5,3,3,6,2,300,0.002,256,4096,8,120,269,0.63916,0.639077,0.630859,0.630719,0.618164,0.618003,33.96,"[[5, 5]]",10,0.619791,7.322898,2.350612,5.597505,0.442495,2.548378,0.169385,0.095511,0.242135,1.361021,0.529833,1.009923,0.27014,1.310148,0.178711,0.821289,0.1862,0.108154,0.209374
ok,checkerboard3d_g4__L1_extra3__fixed_k06__seed0,checkerboard3d_g4,AAT-L1-extra3-K6,fixed,0,1,6,6,6,3,3,6,2,300,0.002,256,4096,8,138,293,0.651855,0.64331,0.646973,0.632457,0.645508,0.63997,34.051,"[[6, 6]]",12,0.619791,6.4301,2.350612,3.535661,0.442495,3.947759,0.185901,0.093715,0.253294,1.519192,0.645018,0.961098,0.448198,1.565488,0.23877,0.76123,0.404891,0.204142,0.218063
ok,checkerboard3d_g4__L1_extra3__fixed_k07__seed0,checkerboard3d_g4,AAT-L1-extra3-K7,fixed,0,1,7,7,7,3,3,6,2,300,0.002,256,4096,8,156,225,0.665527,0.655759,0.659668,0.648503,0.664062,0.655656,34.129,"[[7, 7]]",14,0.619791,12.61589,2.350612,6.921807,0.442495,4.965341,0.16936,0.103543,0.235333,1.605168,0.672452,1.073558,0.336602,1.400181,0.178711,0.821289,0.205425,0.114886,0.114142
ok,checkerboard3d_g4__L1_extra3__fixed_k08__seed0,checkerboard3d_g4,AAT-L1-extra3-K8,fixed,0,1,8,8,8,3,3,6,2,300,0.002,256,4096,8,174,109,0.683105,0.679234,0.678711,0.674679,0.679199,0.677103,33.755,"[[8, 8]]",16,0.619791,22.990543,2.350612,8.738335,0.442495,7.589536,0.163264,0.093766,0.249449,1.405995,0.667584,1.0082,0.382425,1.465834,0.083984,0.916016,0.321933,0.145538,0.195035
ok,checkerboard3d_g4__L1_extra3__fixed_k09__seed0,checkerboard3d_g4,AAT-L1-extra3-K9,fixed,0,1,9,9,9,3,3,6,2,300,0.002,256,4096,8,192,291,0.717773,0.716523,0.713379,0.711685,0.717773,0.717443,34.386,"[[9, 9]]",18,0.619791,35.596294,2.350612,16.432983,0.442495,15.769775,0.160343,0.069302,0.264911,1.953793,0.745705,1.145483,0.466296,1.594078,0.111816,0.888184,0.320552,0.132243,0.329946
ok,checkerboard3d_g4__L1_extra3__fixed_k10__seed0,checkerboard3d_g4,AAT-L1-extra3-K10,fixed,0,1,10,10,10,3,3,6,2,300,0.002,256,4096,8,210,281,0.745605,0.745522,0.73877,0.738553,0.744141,0.744132,34.03,"[[10, 10]]",20,0.619791,36.294132,2.350612,17.01387,0.442495,15.589086,0.147288,0.094513,0.262724,1.821773,0.570436,1.007565,0.494213,1.639207,0.222656,0.777344,0.308798,0.143481,0.307156
ok,checkerboard3d_g4__L1_extra3__fixed_k11__seed0,checkerboard3d_g4,AAT-L1-extra3-K11,fixed,0,1,11,11,11,3,3,6,2,300,0.002,256,4096,8,228,291,0.749023,0.747026,0.734863,0.73349,0.751465,0.750733,42.809,"[[11, 11]]",22,0.619791,29.226011,2.350612,12.652736,0.442495,13.238729,0.147888,0.091272,0.240696,1.629242,0.672098,1.031796,0.402707,1.495868,0.062012,0.937988,0.284588,0.136519,0.255394
ok,checkerboard3d_g4__L1_extra3__fixed_k12__seed0,checkerboard3d_g4,AAT-L1-extra3-K12,fixed,0,1,12,12,12,3,3,6,2,300,0.002,256,4096,8,246,298,0.727539,0.727202,0.71875,0.718672,0.721191,0.721176,33.904,"[[12, 12]]",24,0.619791,62.333725,2.350612,26.217257,0.442495,26.385115,0.147444,0.07524,0.231244,1.829234,0.750311,0.945898,0.565701,1.760682,0.042969,0.957031,0.28282,0.126485,0.19072
ok,checkerboard3d_g4__L1_extra3__fixed_k13__seed0,checkerboard3d_g4,AAT-L1-extra3-K13,fixed,0,1,13,13,13,3,3,6,2,300,0.002,256,4096,8,264,202,0.73584,0.735734,0.725586,0.725585,0.737305,0.736209,33.902,"[[13, 13]]",26,0.619791,39.928429,2.350612,23.083042,0.442495,17.381105,0.148034,0.09105,0.22415,1.579385,0.798989,0.994252,0.456828,1.579057,0.071289,0.928711,0.22878,0.12162,0.244815
ok,checkerboard3d_g4__L1_extra3__fixed_k14__seed0,checkerboard3d_g4,AAT-L1-extra3-K14,fixed,0,1,14,14,14,3,3,6,2,300,0.002,256,4096,8,282,295,0.725586,0.724298,0.721191,0.720615,0.734375,0.734263,33.887,"[[14, 14]]",28,0.619791,76.518723,2.350612,30.582867,0.442495,32.855274,0.14212,0.080476,0.214085,1.794328,0.717073,0.9951,0.496864,1.643559,0.006836,0.993164,0.288853,0.132115,0.193182
ok,checkerboard3d_g4__L1_extra3__fixed_k15__seed0,checkerboard3d_g4,AAT-L1-extra3-K15,fixed,0,1,15,15,15,3,3,6,2,300,0.002,256,4096,8,300,299,0.793457,0.793208,0.787109,0.786516,0.780762,0.78076,33.974,"[[15, 15]]",30,0.619791,119.563881,2.350612,53.152679,0.442495,52.239578,0.137429,0.084146,0.215871,1.843511,0.691447,0.97552,0.570367,1.768915,0.083008,0.916992,0.247266,0.131315,0.33862
ok,checkerboard3d_g4__L1_extra3__fixed_k16__seed0,checkerboard3d_g4,AAT-L1-extra3-K16,fixed,0,1,16,16,16,3,3,6,2,300,0.002,256,4096,8,318,273,0.767578,0.76693,0.762207,0.761138,0.74707,0.747051,33.772,"[[16, 16]]",32,0.619791,117.773949,2.350612,57.33556,0.442495,53.862259,0.135695,0.092849,0.21007,1.851997,0.71331,0.969458,0.597556,1.817671,0.05957,0.94043,0.24352,0.124176,0.270228
ok,checkerboard3d_g4__L1_extra3__fixed_k17__seed0,checkerboard3d_g4,AAT-L1-extra3-K17,fixed,0,1,17,17,17,3,3,6,2,300,0.002,256,4096,8,336,268,0.790039,0.790038,0.780762,0.780541,0.793945,0.793453,34.12,"[[17, 17]]",34,0.619791,173.122528,2.350612,76.374451,0.442495,76.475075,0.132257,0.086327,0.231473,1.918379,0.692261,0.967761,0.508156,1.662224,0.020508,0.979492,0.346946,0.141803,0.263692
ok,checkerboard3d_g4__L1_extra3__fixed_k18__seed0,checkerboard3d_g4,AAT-L1-extra3-K18,fixed,0,1,18,18,18,3,3,6,2,300,0.002,256,4096,8,354,296,0.796387,0.796113,0.793945,0.793704,0.803223,0.803202,33.95,"[[18, 18]]",36,0.619791,218.166046,2.350612,92.752632,0.442495,99.033745,0.133243,0.085175,0.221799,1.975393,0.633524,0.937517,0.642331,1.900906,0.044922,0.955078,0.321613,0.142225,0.315709
ok,checkerboard3d_g4__L1_extra3__fixed_k19__seed0,checkerboard3d_g4,AAT-L1-extra3-K19,fixed,0,1,19,19,19,3,3,6,2,300,0.002,256,4096,8,372,241,0.787109,0.786901,0.779785,0.779669,0.788574,0.788548,33.568,"[[19, 19]]",38,0.619791,217.484161,2.350612,87.685631,0.442495,92.790871,0.129999,0.088573,0.214435,1.716543,0.68834,0.927992,0.592702,1.80887,0.059082,0.940918,0.452012,0.18678,0.334803
ok,checkerboard3d_g4__L1_extra3__fixed_k20__seed0,checkerboard3d_g4,AAT-L1-extra3-K20,fixed,0,1,20,20,20,3,3,6,2,300,0.002,256,4096,8,390,278,0.774414,0.773324,0.769531,0.767614,0.78125,0.781167,34.157,"[[20, 20]]",40,0.619791,224.157822,2.350612,93.35582,0.442495,102.595711,0.129848,0.092457,0.199353,1.799599,0.665315,0.961345,0.501988,1.652002,0.047363,0.952637,0.338441,0.149426,0.2894
ok,checkerboard3d_g4__L1_extra3__fixed_k21__seed0,checkerboard3d_g4,AAT-L1-extra3-K21,fixed,0,1,21,21,21,3,3,6,2,300,0.002,256,4096,8,408,278,0.844238,0.844222,0.837891,0.83789,0.832031,0.832027,33.799,"[[21, 21]]",42,0.619791,308.667725,2.350612,130.656738,0.442495,135.517212,0.124277,0.080755,0.228528,1.86207,0.594973,0.937016,0.599613,1.821414,0.061035,0.938965,0.332458,0.146787,0.383255
ok,checkerboard3d_g4__L1_extra3__fixed_k22__seed0,checkerboard3d_g4,AAT-L1-extra3-K22,fixed,0,1,22,22,22,3,3,6,2,300,0.002,256,4096,8,426,258,0.842285,0.842234,0.834473,0.83402,0.836914,0.836817,33.802,"[[22, 22]]",44,0.619791,410.105133,2.350612,170.110367,0.442495,182.678329,0.125419,0.084067,0.215063,1.782357,0.673504,0.891561,0.65976,1.934328,0.020996,0.979004,0.446293,0.188809,0.394184
ok,checkerboard3d_g4__L1_extra3__fixed_k23__seed0,checkerboard3d_g4,AAT-L1-extra3-K23,fixed,0,1,23,23,23,3,3,6,2,300,0.002,256,4096,8,444,290,0.837402,0.837382,0.830566,0.830416,0.839355,0.839342,33.45,"[[23, 23]]",46,0.619791,470.783142,2.350612,187.865845,0.442495,196.472626,0.120566,0.088755,0.203822,1.862761,0.612082,0.899905,0.573398,1.774286,0.044434,0.955566,0.418576,0.183456,0.437215
ok,checkerboard3d_g4__L1_extra3__fixed_k24__seed0,checkerboard3d_g4,AAT-L1-extra3-K24,fixed,0,1,24,24,24,3,3,6,2,300,0.002,256,4096,8,462,283,0.858398,0.858364,0.85791,0.857859,0.844727,0.844698,33.676,"[[24, 24]]",48,0.619791,555.729919,2.350612,226.737427,0.442495,236.421005,0.118551,0.089364,0.219352,1.929444,0.645865,0.908072,0.558298,1.747696,0.088867,0.911133,0.476963,0.186656,0.460735
ok,checkerboard3d_g4__L1_extra3__fixed_k25__seed0,checkerboard3d_g4,AAT-L1-extra3-K25,fixed,0,1,25,25,25,3,3,6,2,300,0.002,256,4096,8,480,292,0.868164,0.868079,0.86084,0.860415,0.855957,0.855951,33.462,"[[25, 25]]",50,0.619791,603.362244,2.350612,241.720886,0.442495,263.154602,0.119892,0.090474,0.215068,1.919613,0.651365,0.896277,0.622464,1.863514,0.068359,0.931641,0.524286,0.204922,0.455725
ok,checkerboard3d_g4__L1_extra3__fixed_k26__seed0,checkerboard3d_g4,AAT-L1-extra3-K26,fixed,0,1,26,26,26,3,3,6,2,300,0.002,256,4096,8,498,294,0.874512,0.874407,0.871094,0.871023,0.875488,0.875486,33.474,"[[26, 26]]",52,0.619791,638.488953,2.350612,258.621918,0.442495,278.137665,0.119417,0.091842,0.198464,1.938287,0.633294,0.899528,0.5491,1.731693,0.02832,0.97168,0.505724,0.207886,0.455954
ok,checkerboard3d_g4__L1_extra3__fixed_k27__seed0,checkerboard3d_g4,AAT-L1-extra3-K27,fixed,0,1,27,27,27,3,3,6,2,300,0.002,256,4096,8,516,275,0.89209,0.892071,0.887207,0.887126,0.90332,0.903263,33.514,"[[27, 27]]",54,0.619791,723.940247,2.350612,293.781494,0.442495,320.537933,0.11777,0.087747,0.184043,1.914005,0.650817,0.885616,0.534329,1.706303,0.014648,0.985352,0.564799,0.2146,0.468718
ok,checkerboard3d_g4__L1_extra3__fixed_k28__seed0,checkerboard3d_g4,AAT-L1-extra3-K28,fixed,0,1,28,28,28,3,3,6,2,300,0.002,256,4096,8,534,289,0.90918,0.909148,0.903809,0.903766,0.903809,0.903766,33.232,"[[28, 28]]",56,0.619791,783.118591,2.350612,321.407104,0.442495,356.724762,0.118302,0.087983,0.185044,1.919159,0.693675,0.890482,0.514314,1.672491,0.020508,0.979492,0.665719,0.235718,0.471425
ok,checkerboard3d_g4__L1_extra3__fixed_k29__seed0,checkerboard3d_g4,AAT-L1-extra3-K29,fixed,0,1,29,29,29,3,3,6,2,300,0.002,256,4096,8,552,297,0.925781,0.925773,0.916016,0.916006,0.916992,0.916926,33.531,"[[29, 29]]",58,0.619791,999.704773,2.350612,419.798187,0.442495,447.247345,0.114817,0.088488,0.175353,1.951787,0.699199,0.879176,0.492045,1.635658,0.009766,0.990234,0.72097,0.25218,0.519509
ok,checkerboard3d_g4__L1_extra3__fixed_k30__seed0,checkerboard3d_g4,AAT-L1-extra3-K30,fixed,0,1,30,30,30,3,3,6,2,300,0.002,256,4096,8,570,299,0.928711,0.928681,0.922852,0.922766,0.923828,0.923783,33.54,"[[30, 30]]",60,0.619791,1122.559204,2.350612,467.053284,0.442495,498.232819,0.112312,0.093475,0.170849,1.947152,0.689493,0.856242,0.438408,1.550238,0.0,1.0,0.885969,0.279533,0.534727
ok,checkerboard3d_g4__L1_extra3__fixed_k31__seed0,checkerboard3d_g4,AAT-L1-extra3-K31,fixed,0,1,31,31,31,3,3,6,2,300,0.002,256,4096,8,588,295,0.942383,0.942333,0.937012,0.93694,0.931152,0.93115,33.424,"[[31, 31]]",62,0.619791,1241.576294,2.350612,524.092773,0.442495,551.193848,0.113718,0.097582,0.169691,1.901577,0.724191,0.844587,0.460372,1.584663,0.0,1.0,0.929347,0.291496,0.559141
ok,checkerboard3d_g4__L1_extra3__fixed_k32__seed0,checkerboard3d_g4,AAT-L1-extra3-K32,fixed,0,1,32,32,32,3,3,6,2,300,0.002,256,4096,8,606,297,0.942871,0.942871,0.934082,0.934076,0.931641,0.931484,33.979,"[[32, 32]]",64,0.619791,1194.79248,2.350612,515.734436,0.442495,536.636841,0.114161,0.098452,0.190087,1.821904,0.66411,0.823076,0.523541,1.687994,0.034668,0.965332,0.750775,0.257713,0.564212
ok,checkerboard3d_g4__L1_extra3__fixed_k33__seed0,checkerboard3d_g4,AAT-L1-extra3-K33,fixed,0,1,33,33,33,3,3,6,2,300,0.002,256,4096,8,624,298,0.945801,0.945785,0.931641,0.931626,0.938965,0.938903,34.101,"[[33, 33]]",66,0.619791,1307.339966,2.350612,563.927307,0.442495,594.461365,0.112497,0.097301,0.167435,1.846951,0.703035,0.831716,0.465238,1.592393,0.0,1.0,0.854338,0.272106,0.570548
ok,checkerboard3d_g4__L1_extra3__fixed_k34__seed0,checkerboard3d_g4,AAT-L1-extra3-K34,fixed,0,1,34,34,34,3,3,6,2,300,0.002,256,4096,8,642,298,0.95752,0.957518,0.95459,0.954584,0.955078,0.955006,33.209,"[[34, 34]]",68,0.619791,1710.835693,2.350612,749.035278,0.442495,766.581848,0.111651,0.098934,0.127341,1.928395,0.704008,0.832236,0.440291,1.55316,0.0,1.0,0.905475,0.284259,0.622975
ok,checkerboard3d_g4__L1_extra3__fixed_k35__seed0,checkerboard3d_g4,AAT-L1-extra3-K35,fixed,0,1,35,35,35,3,3,6,2,300,0.002,256,4096,8,660,283,0.959473,0.959449,0.95459,0.95455,0.945801,0.94579,33.025,"[[35, 35]]",70,0.619791,1679.294922,2.350612,738.328003,0.442495,749.345703,0.111233,0.099559,0.125416,1.838421,0.693234,0.822969,0.440122,1.552897,0.0,1.0,0.864149,0.271226,0.615651
ok,checkerboard3d_g4__L1_extra3__fixed_k36__seed0,checkerboard3d_g4,AAT-L1-extra3-K36,fixed,0,1,36,36,36,3,3,6,2,300,0.002,256,4096,8,678,276,0.957031,0.957011,0.95166,0.951656,0.948242,0.94822,33.544,"[[36, 36]]",72,0.619791,1546.942505,2.350612,671.522583,0.442495,685.310608,0.111018,0.097466,0.164527,1.732103,0.689241,0.823364,0.441805,1.555512,0.006348,0.993652,0.767297,0.248501,0.594344
ok,checkerboard3d_g4__L1_extra3__fixed_k37__seed0,checkerboard3d_g4,AAT-L1-extra3-K37,fixed,0,1,37,37,37,3,3,6,2,300,0.002,256,4096,8,696,242,0.958496,0.958474,0.952637,0.952607,0.947266,0.947241,33.591,"[[37, 37]]",74,0.619791,1697.228516,2.350612,736.888184,0.442495,756.035095,0.109882,0.098126,0.119924,1.666543,0.707358,0.808828,0.441742,1.555414,0.0,1.0,0.846704,0.263876,0.606637
ok,checkerboard3d_g4__L1_extra3__fixed_k38__seed0,checkerboard3d_g4,AAT-L1-extra3-K38,fixed,0,1,38,38,38,3,3,6,2,300,0.002,256,4096,8,714,292,0.959473,0.95947,0.955566,0.955555,0.949219,0.949133,34.164,"[[38, 38]]",76,0.619791,1626.173828,2.350612,710.235107,0.442495,724.670166,0.109345,0.096412,0.121289,1.661304,0.703308,0.830599,0.429587,1.536624,0.0,1.0,0.819697,0.25647,0.605208
ok,checkerboard3d_g4__L1_extra3__fixed_k39__seed0,checkerboard3d_g4,AAT-L1-extra3-K39,fixed,0,1,39,39,39,3,3,6,2,300,0.002,256,4096,8,732,291,0.958008,0.958003,0.955078,0.955051,0.945801,0.945759,34.64,"[[39, 39]]",78,0.619791,1638.487915,2.350612,713.906799,0.442495,729.176514,0.108511,0.097047,0.122636,1.647536,0.682012,0.822484,0.423595,1.527442,0.0,1.0,0.806605,0.256216,0.610234
ok,checkerboard3d_g4__L1_extra3__fixed_k40__seed0,checkerboard3d_g4,AAT-L1-extra3-K40,fixed,0,1,40,40,40,3,3,6,2,300,0.002,256,4096,8,750,245,0.959473,0.959471,0.947266,0.947265,0.952148,0.952056,35.123,"[[40, 40]]",80,0.619791,1812.661865,2.350612,794.767456,0.442495,810.560913,0.108436,0.097133,0.12046,1.585347,0.730713,0.799993,0.429865,1.53705,0.0,1.0,0.854664,0.259827,0.62146
ok,checkerboard3d_g4__L1_extra3__fixed_k41__seed0,checkerboard3d_g4,AAT-L1-extra3-K41,fixed,0,1,41,41,41,3,3,6,2,300,0.002,256,4096,8,768,281,0.959961,0.959953,0.951172,0.951153,0.955078,0.955045,35.077,"[[41, 41]]",82,0.619791,1694.785889,2.350612,742.735535,0.442495,755.15625,0.107057,0.096296,0.119801,1.580701,0.68572,0.80701,0.414553,1.513695,0.0,1.0,0.813832,0.251197,0.614226
ok,checkerboard3d_g4__L1_extra3__fixed_k42__seed0,checkerboard3d_g4,AAT-L1-extra3-K42,fixed,0,1,42,42,42,3,3,6,2,300,0.002,256,4096,8,786,265,0.960449,0.960442,0.953125,0.953105,0.950195,0.950158,34.194,"[[42, 42]]",84,0.619791,1683.908813,2.350612,737.625488,0.442495,752.937073,0.10808,0.09647,0.120055,1.503167,0.718841,0.816687,0.424903,1.529442,0.0,1.0,0.779833,0.243507,0.607166
ok,checkerboard3d_g4__L1_extra3__fixed_k43__seed0,checkerboard3d_g4,AAT-L1-extra3-K43,fixed,0,1,43,43,43,3,3,6,2,300,0.002,256,4096,8,804,297,0.958496,0.958476,0.956543,0.956529,0.952637,0.952616,33.175,"[[43, 43]]",86,0.619791,1664.832397,2.350612,730.77771,0.442495,743.552307,0.106334,0.095381,0.115953,1.519232,0.681187,0.826188,0.410129,1.507012,0.0,1.0,0.755418,0.235641,0.614026
ok,checkerboard3d_g4__L1_extra3__fixed_k44__seed0,checkerboard3d_g4,AAT-L1-extra3-K44,fixed,0,1,44,44,44,3,3,6,2,300,0.002,256,4096,8,822,263,0.961914,0.961908,0.952148,0.952115,0.946777,0.946713,32.74,"[[44, 44]]",88,0.619791,1715.635742,2.350612,752.549133,0.442495,765.138733,0.106422,0.096075,0.116106,1.463843,0.705244,0.823634,0.416948,1.517323,0.0,1.0,0.762375,0.236184,0.611796
ok,checkerboard3d_g4__L1_extra3__fixed_k45__seed0,checkerboard3d_g4,AAT-L1-extra3-K45,fixed,0,1,45,45,45,3,3,6,2,300,0.002,256,4096,8,840,244,0.958008,0.957998,0.952637,0.952626,0.950195,0.950163,32.966,"[[45, 45]]",90,0.619791,1801.362061,2.350612,791.582214,0.442495,798.602356,0.105955,0.096521,0.11723,1.411606,0.73657,0.827936,0.415221,1.514705,0.0,1.0,0.772106,0.234012,0.618757
ok,checkerboard3d_g4__L1_extra3__fixed_k46__seed0,checkerboard3d_g4,AAT-L1-extra3-K46,fixed,0,1,46,46,46,3,3,6,2,300,0.002,256,4096,8,858,276,0.95752,0.957507,0.946777,0.94676,0.94873,0.948703,33.212,"[[46, 46]]",92,0.619791,1735.507812,2.350612,764.877136,0.442495,775.33667,0.105169,0.093646,0.120809,1.408226,0.704713,0.839353,0.402916,1.496181,0.0,1.0,0.732524,0.224811,0.619126
ok,checkerboard3d_g4__L1_extra3__fixed_k47__seed0,checkerboard3d_g4,AAT-L1-extra3-K47,fixed,0,1,47,47,47,3,3,6,2,300,0.002,256,4096,8,876,251,0.958984,0.958942,0.955078,0.955067,0.948242,0.948235,33.087,"[[47, 47]]",94,0.619791,1824.372925,2.350612,802.012268,0.442495,804.085815,0.104554,0.095507,0.113608,1.3804,0.708574,0.820085,0.410193,1.507109,0.0,1.0,0.730731,0.223191,0.624208
ok,checkerboard3d_g4__L1_extra3__fixed_k48__seed0,checkerboard3d_g4,AAT-L1-extra3-K48,fixed,0,1,48,48,48,3,3,6,2,300,0.002,256,4096,8,894,274,0.956055,0.956012,0.950195,0.95018,0.943848,0.943839,33.047,"[[48, 48]]",96,0.619791,1618.566406,2.350612,710.823975,0.442495,719.763733,0.104069,0.093743,0.160261,1.353573,0.710705,0.83979,0.399893,1.491665,0.012207,0.987793,0.653105,0.205266,0.602232
ok,checkerboard3d_g4__L1_extra3__autok_max80__seed0,checkerboard3d_g4,AAT-L1-extra3-AutoK-max80,auto,0,1,,5,80,3,3,6,2,300,0.002,256,4096,8,120,139,0.630371,0.629607,0.620117,0.619415,0.624512,0.624361,33.509,"[[5, 5]]",10,0.619791,11.250402,2.350612,3.398412,0.442495,5.437618,0.086945,0.066213,0.113465,0.9183,0.54819,0.763421,0.121028,1.128656,0.096191,0.903809,0.579837,0.19043,0.193369
ok,checkerboard3d_g4__L1_extra3__fixed_k49__seed0,checkerboard3d_g4,AAT-L1-extra3-K49,fixed,0,1,49,49,49,3,3,6,2,300,0.002,256,4096,8,912,297,0.960938,0.960925,0.952637,0.952627,0.955566,0.955534,34.393,"[[49, 49]]",98,0.619791,1698.444458,2.350612,741.100952,0.442495,761.658936,0.102471,0.093393,0.113893,1.375227,0.661401,0.818577,0.388947,1.475427,0.0,1.0,0.688273,0.214211,0.617889
ok,checkerboard3d_g4__L1_extra3__fixed_k50__seed0,checkerboard3d_g4,AAT-L1-extra3-K50,fixed,0,1,50,50,50,3,3,6,2,300,0.002,256,4096,8,930,287,0.959961,0.959944,0.947266,0.947149,0.95166,0.951646,33.213,"[[50, 50]]",100,0.619791,1758.638184,2.350612,770.9328,0.442495,781.322815,0.102706,0.093771,0.118581,1.323192,0.699279,0.844345,0.391143,1.47867,0.0,1.0,0.675286,0.206904,0.620225
ok,checkerboard3d_g4__L1_extra3__fixed_k51__seed0,checkerboard3d_g4,AAT-L1-extra3-K51,fixed,0,1,51,51,51,3,3,6,2,300,0.002,256,4096,8,948,244,0.958984,0.958981,0.957031,0.957026,0.949219,0.949166,33.048,"[[51, 51]]",102,0.619791,1724.600586,2.350612,755.083252,0.442495,767.564514,0.102104,0.09431,0.117343,1.262001,0.691094,0.822821,0.397072,1.487464,0.0,1.0,0.679953,0.206734,0.608584
ok,checkerboard3d_g4__L1_extra3__fixed_k52__seed0,checkerboard3d_g4,AAT-L1-extra3-K52,fixed,0,1,52,52,52,3,3,6,2,300,0.002,256,4096,8,966,290,0.956055,0.956041,0.95166,0.951605,0.951172,0.951135,33.082,"[[52, 52]]",104,0.619791,1545.214966,2.350612,671.318176,0.442495,680.82074,0.102183,0.09284,0.151706,1.245262,0.701474,0.861917,0.397848,1.488618,0.01123,0.98877,0.616493,0.192049,0.58876
ok,checkerboard3d_g4__L1_extra3__fixed_k53__seed0,checkerboard3d_g4,AAT-L1-extra3-K53,fixed,0,1,53,53,53,3,3,6,2,300,0.002,256,4096,8,984,206,0.957031,0.957023,0.950684,0.950666,0.95166,0.951595,33.283,"[[53, 53]]",106,0.619791,1858.911743,2.350612,809.899109,0.442495,818.76001,0.101432,0.092508,0.118764,1.166127,0.749516,0.822366,0.407021,1.502336,0.0,1.0,0.700626,0.20628,0.613685
ok,checkerboard3d_g4__L1_extra3__fixed_k54__seed0,checkerboard3d_g4,AAT-L1-extra3-K54,fixed,0,1,54,54,54,3,3,6,2,300,0.002,256,4096,8,1002,284,0.960449,0.960438,0.952148,0.952132,0.953125,0.953092,33.384,"[[54, 54]]",108,0.619791,1721.070923,2.350612,753.711304,0.442495,765.852905,0.099855,0.091825,0.111755,1.232159,0.66334,0.840695,0.377759,1.459012,0.0,1.0,0.633513,0.193572,0.617783
ok,checkerboard3d_g4__L1_extra3__fixed_k55__seed0,checkerboard3d_g4,AAT-L1-extra3-K55,fixed,0,1,55,55,55,3,3,6,2,300,0.002,256,4096,8,1020,278,0.958984,0.958969,0.956055,0.956028,0.954102,0.954084,33.092,"[[55, 55]]",110,0.619791,1767.792969,2.350612,775.630432,0.442495,790.131653,0.100544,0.092439,0.110249,1.191779,0.704941,0.850915,0.384734,1.469223,0.0,1.0,0.656859,0.196644,0.617106
ok,checkerboard3d_g4__L1_extra3__fixed_k56__seed0,checkerboard3d_g4,AAT-L1-extra3-K56,fixed,0,1,56,56,56,3,3,6,2,300,0.002,256,4096,8,1038,230,0.959961,0.959919,0.955566,0.955566,0.94873,0.948724,33.745,"[[56, 56]]",112,0.619791,1876.119995,2.350612,819.031799,0.442495,814.578308,0.099667,0.09104,0.111466,1.189266,0.715067,0.834765,0.390653,1.477946,0.0,1.0,0.648267,0.193669,0.623966
ok,checkerboard3d_g4__L1_extra3__fixed_k57__seed0,checkerboard3d_g4,AAT-L1-extra3-K57,fixed,0,1,57,57,57,3,3,6,2,300,0.002,256,4096,8,1056,284,0.959473,0.959465,0.953613,0.953604,0.953125,0.953092,33.496,"[[57, 57]]",114,0.619791,1790.744019,2.350612,779.452759,0.442495,786.546265,0.099833,0.09124,0.112171,1.176494,0.701686,0.86015,0.376645,1.457386,0.0,1.0,0.620237,0.188729,0.621422
ok,checkerboard3d_g4__L1_extra3__fixed_k58__seed0,checkerboard3d_g4,AAT-L1-extra3-K58,fixed,0,1,58,58,58,3,3,6,2,300,0.002,256,4096,8,1074,276,0.959473,0.959449,0.947754,0.947735,0.954102,0.95407,33.454,"[[58, 58]]",116,0.619791,1777.579346,2.350612,776.55835,0.442495,793.296936,0.098758,0.088653,0.112051,1.160945,0.709876,0.860538,0.376822,1.457645,0.0,1.0,0.628904,0.189453,0.61873
ok,checkerboard3d_g4__L1_extra3__fixed_k59__seed0,checkerboard3d_g4,AAT-L1-extra3-K59,fixed,0,1,59,59,59,3,3,6,2,300,0.002,256,4096,8,1092,294,0.963379,0.963354,0.941406,0.941325,0.95166,0.951653,33.251,"[[59, 59]]",118,0.619791,1738.589722,2.350612,770.526123,0.442495,771.096252,0.097465,0.089245,0.110014,1.152167,0.672794,0.843061,0.367402,1.443979,0.0,1.0,0.606802,0.185973,0.61929
ok,checkerboard3d_g4__L1_extra3__fixed_k60__seed0,checkerboard3d_g4,AAT-L1-extra3-K60,fixed,0,1,60,60,60,3,3,6,2,300,0.002,256,4096,8,1110,287,0.958496,0.958474,0.953125,0.953117,0.949219,0.949183,32.884,"[[60, 60]]",120,0.619791,1658.670654,2.350612,721.533447,0.442495,732.21283,0.097606,0.089726,0.145607,1.135873,0.684998,0.855786,0.371168,1.449427,0.0,1.0,0.600493,0.182052,0.603726
ok,checkerboard3d_g4__L1_extra3__fixed_k61__seed0,checkerboard3d_g4,AAT-L1-extra3-K61,fixed,0,1,61,61,61,3,3,6,2,300,0.002,256,4096,8,1128,298,0.950195,0.95019,0.949707,0.949656,0.937012,0.936966,32.609,"[[61, 61]]",122,0.619791,1431.02002,2.350612,623.665222,0.442495,633.995361,0.096006,0.087539,0.157722,1.080956,0.67022,0.862111,0.357699,1.430036,0.015137,0.984863,0.502979,0.159456,0.576175
ok,checkerboard3d_g4__L1_extra3__fixed_k62__seed0,checkerboard3d_g4,AAT-L1-extra3-K62,fixed,0,1,62,62,62,3,3,6,2,300,0.002,256,4096,8,1146,281,0.955078,0.955064,0.952637,0.952636,0.946777,0.946733,32.74,"[[62, 62]]",124,0.619791,1582.432495,2.350612,694.752258,0.442495,697.614502,0.09621,0.087465,0.148454,1.067815,0.697673,0.874874,0.360532,1.434092,0.015137,0.984863,0.532712,0.16346,0.593872
ok,checkerboard3d_g4__L1_extra3__fixed_k63__seed0,checkerboard3d_g4,AAT-L1-extra3-K63,fixed,0,1,63,63,63,3,3,6,2,300,0.002,256,4096,8,1164,288,0.95459,0.954552,0.94873,0.94873,0.937988,0.937979,32.511,"[[63, 63]]",126,0.619791,1592.359741,2.350612,686.677612,0.442495,695.874207,0.095268,0.086863,0.149759,1.101772,0.669143,0.849344,0.358337,1.430948,0.006836,0.993164,0.539652,0.165806,0.595096
ok,checkerboard3d_g4__L1_extra3__fixed_k64__seed0,checkerboard3d_g4,AAT-L1-extra3-K64,fixed,0,1,64,64,64,3,3,6,2,300,0.002,256,4096,8,1182,285,0.959961,0.959931,0.956055,0.956046,0.947266,0.947261,32.985,"[[64, 64]]",128,0.619791,1769.529419,2.350612,780.634338,0.442495,779.560059,0.09495,0.088093,0.105799,1.057711,0.676358,0.859409,0.354347,1.42525,0.0,1.0,0.574131,0.172646,0.62067
ok,checkerboard3d_g4__L1_extra3__fixed_k65__seed0,checkerboard3d_g4,AAT-L1-extra3-K65,fixed,0,1,65,65,65,3,3,6,2,300,0.002,256,4096,8,1200,280,0.959473,0.959459,0.952637,0.952576,0.94873,0.948688,32.34,"[[65, 65]]",130,0.619791,1634.148804,2.350612,717.055298,0.442495,723.481079,0.094788,0.086254,0.148794,1.028219,0.687772,0.867419,0.355698,1.427177,0.012207,0.987793,0.536617,0.16413,0.602186
ok,checkerboard3d_g4__L1_extra3__fixed_k66__seed0,checkerboard3d_g4,AAT-L1-extra3-K66,fixed,0,1,66,66,66,3,3,6,2,300,0.002,256,4096,8,1218,270,0.961426,0.96141,0.949707,0.9497,0.954102,0.954087,32.402,"[[66, 66]]",132,0.619791,1791.97937,2.350612,786.225952,0.442495,792.333923,0.094002,0.086679,0.106255,1.01341,0.692915,0.867519,0.353955,1.424692,0.0,1.0,0.57473,0.170447,0.618247
ok,checkerboard3d_g4__L1_extra3__fixed_k67__seed0,checkerboard3d_g4,AAT-L1-extra3-K67,fixed,0,1,67,67,67,3,3,6,2,300,0.002,256,4096,8,1236,260,0.959473,0.959437,0.954102,0.954067,0.947266,0.947246,32.306,"[[67, 67]]",134,0.619791,1880.362427,2.350612,823.046753,0.442495,820.66333,0.093748,0.085243,0.112213,1.021341,0.707868,0.850336,0.349149,1.41786,0.0,1.0,0.612221,0.177122,0.626143
ok,checkerboard3d_g4__L1_extra3__fixed_k68__seed0,checkerboard3d_g4,AAT-L1-extra3-K68,fixed,0,1,68,68,68,3,3,6,2,300,0.002,256,4096,8,1254,279,0.956543,0.956526,0.951172,0.951127,0.943848,0.943821,32.453,"[[68, 68]]",136,0.619791,1741.825317,2.350612,751.910767,0.442495,756.481079,0.092458,0.08371,0.142183,1.010304,0.679503,0.856274,0.340165,1.405179,0.006348,0.993652,0.564783,0.16589,0.611173
ok,checkerboard3d_g4__L1_extra3__fixed_k69__seed0,checkerboard3d_g4,AAT-L1-extra3-K69,fixed,0,1,69,69,69,3,3,6,2,300,0.002,256,4096,8,1272,263,0.963867,0.963853,0.95459,0.954579,0.94873,0.94871,32.541,"[[69, 69]]",138,0.619791,1817.968994,2.350612,800.5849,0.442495,799.171875,0.092006,0.080231,0.102773,0.985665,0.686935,0.864537,0.346285,1.413805,0.0,1.0,0.571672,0.166348,0.620749
ok,checkerboard3d_g4__L1_extra3__fixed_k70__seed0,checkerboard3d_g4,AAT-L1-extra3-K70,fixed,0,1,70,70,70,3,3,6,2,300,0.002,256,4096,8,1290,276,0.959961,0.959946,0.95166,0.951655,0.944824,0.944778,32.661,"[[70, 70]]",140,0.619791,1752.785645,2.350612,765.826721,0.442495,765.718262,0.091394,0.083173,0.108187,0.980366,0.669751,0.860925,0.333665,1.396075,0.0,1.0,0.55672,0.163979,0.615427
ok,checkerboard3d_g4__L1_extra3__fixed_k71__seed0,checkerboard3d_g4,AAT-L1-extra3-K71,fixed,0,1,71,71,71,3,3,6,2,300,0.002,256,4096,8,1308,261,0.960938,0.960933,0.94873,0.948696,0.953613,0.953584,32.611,"[[71, 71]]",142,0.619791,1821.9646,2.350612,797.838074,0.442495,804.960815,0.091197,0.083629,0.101613,0.954259,0.683703,0.867109,0.33774,1.401776,0.0,1.0,0.574512,0.166088,0.622096
ok,checkerboard3d_g4__L1_extra3__fixed_k72__seed0,checkerboard3d_g4,AAT-L1-extra3-K72,fixed,0,1,72,72,72,3,3,6,2,300,0.002,256,4096,8,1326,274,0.958984,0.958973,0.951172,0.951115,0.942871,0.942833,33.131,"[[72, 72]]",144,0.619791,1776.603394,2.350612,782.671936,0.442495,785.153625,0.091493,0.084381,0.101232,0.949839,0.67798,0.870591,0.333481,1.395819,0.0,1.0,0.536516,0.158956,0.619069
ok,checkerboard3d_g4__L1_extra3__fixed_k73__seed0,checkerboard3d_g4,AAT-L1-extra3-K73,fixed,0,1,73,73,73,3,3,6,2,300,0.002,256,4096,8,1344,299,0.959473,0.959441,0.956543,0.956522,0.956055,0.956049,32.829,"[[73, 73]]",146,0.619791,1796.874268,2.350612,791.058777,0.442495,797.756714,0.090944,0.082316,0.100891,0.976212,0.669231,0.874255,0.32721,1.387093,0.0,1.0,0.53805,0.159026,0.629124
ok,checkerboard3d_g4__L1_extra3__fixed_k74__seed0,checkerboard3d_g4,AAT-L1-extra3-K74,fixed,0,1,74,74,74,3,3,6,2,300,0.002,256,4096,8,1362,277,0.959473,0.959463,0.95752,0.957517,0.954102,0.95407,32.772,"[[74, 74]]",148,0.619791,1794.8573,2.350612,786.94873,0.442495,793.871338,0.089999,0.082689,0.107441,0.960998,0.664442,0.856593,0.329961,1.390914,0.0,1.0,0.54891,0.160536,0.619639
ok,checkerboard3d_g4__L1_extra3__fixed_k75__seed0,checkerboard3d_g4,AAT-L1-extra3-K75,fixed,0,1,75,75,75,3,3,6,2,300,0.002,256,4096,8,1380,274,0.961426,0.961404,0.953125,0.953116,0.949707,0.949685,32.632,"[[75, 75]]",150,0.619791,1827.955078,2.350612,798.902405,0.442495,805.748779,0.089957,0.082584,0.110253,0.94344,0.673099,0.867421,0.327359,1.387299,0.0,1.0,0.538904,0.157731,0.623996
ok,checkerboard3d_g4__L1_extra3__fixed_k76__seed0,checkerboard3d_g4,AAT-L1-extra3-K76,fixed,0,1,76,76,76,3,3,6,2,300,0.002,256,4096,8,1398,276,0.959961,0.959954,0.952148,0.952142,0.950195,0.95014,32.547,"[[76, 76]]",152,0.619791,1765.968384,2.350612,779.484314,0.442495,779.057312,0.089255,0.082423,0.099421,0.929097,0.66143,0.865507,0.322011,1.3799,0.0,1.0,0.537546,0.156719,0.62064
ok,checkerboard3d_g4__L1_extra3__fixed_k77__seed0,checkerboard3d_g4,AAT-L1-extra3-K77,fixed,0,1,77,77,77,3,3,6,2,300,0.002,256,4096,8,1416,275,0.960938,0.960937,0.953125,0.953057,0.950195,0.950137,32.628,"[[77, 77]]",154,0.619791,1871.258301,2.350612,829.60907,0.442495,820.333069,0.089283,0.07975,0.113722,0.916293,0.681832,0.874861,0.317047,1.373068,0.0,1.0,0.544221,0.157658,0.633383
ok,checkerboard3d_g4__L1_extra3__fixed_k78__seed0,checkerboard3d_g4,AAT-L1-extra3-K78,fixed,0,1,78,78,78,3,3,6,2,300,0.002,256,4096,8,1434,274,0.959961,0.959929,0.956055,0.956024,0.944824,0.9448,32.619,"[[78, 78]]",156,0.619791,1738.017456,2.350612,762.800476,0.442495,759.156067,0.087918,0.079692,0.097877,0.90424,0.66117,0.872892,0.321002,1.378508,0.0,1.0,0.528358,0.153768,0.616788
ok,checkerboard3d_g4__L1_extra3__fixed_k79__seed0,checkerboard3d_g4,AAT-L1-extra3-K79,fixed,0,1,79,79,79,3,3,6,2,300,0.002,256,4096,8,1452,250,0.958984,0.958958,0.95459,0.954557,0.945312,0.945299,32.707,"[[79, 79]]",158,0.619791,1817.356934,2.350612,798.249573,0.442495,802.214905,0.087674,0.079886,0.101582,0.879498,0.67166,0.851195,0.323516,1.381978,0.0,1.0,0.55364,0.158559,0.619466
ok,checkerboard3d_g4__L1_extra3__fixed_k80__seed0,checkerboard3d_g4,AAT-L1-extra3-K80,fixed,0,1,80,80,80,3,3,6,2,300,0.002,256,4096,8,1470,293,0.963379,0.963378,0.953125,0.953105,0.950195,0.950107,32.632,"[[80, 80]]",160,0.619791,1732.406616,2.350612,759.949463,0.442495,768.067688,0.087819,0.07784,0.100081,0.890192,0.657048,0.87365,0.313971,1.368851,0.0,1.0,0.528783,0.153214,0.619554
