rank,run_id,model,mode,fixed_k,selected_k,max_children,params,best_epoch,best_val_acc,best_val_f1,test_acc,test_f1,final_val_acc,train_time_sec,val_fisher_after,diag_gate_active,diag_move_norm
1,checkerboard3d_g4__L1_extra3__fixed_k69__seed0,AAT-L1-extra3-K69,fixed,69,69,69,1272,263,0.963867,0.963853,0.94873,0.94871,0.95459,32.541,800.5849,0.166348,0.620749
2,checkerboard3d_g4__L1_extra3__fixed_k59__seed0,AAT-L1-extra3-K59,fixed,59,59,59,1092,294,0.963379,0.963354,0.95166,0.951653,0.941406,33.251,770.526123,0.185973,0.61929
3,checkerboard3d_g4__L1_extra3__fixed_k80__seed0,AAT-L1-extra3-K80,fixed,80,80,80,1470,293,0.963379,0.963378,0.950195,0.950107,0.953125,32.632,759.949463,0.153214,0.619554
4,checkerboard3d_g4__L1_extra3__fixed_k44__seed0,AAT-L1-extra3-K44,fixed,44,44,44,822,263,0.961914,0.961908,0.946777,0.946713,0.952148,32.74,752.549133,0.236184,0.611796
5,checkerboard3d_g4__L1_extra3__fixed_k66__seed0,AAT-L1-extra3-K66,fixed,66,66,66,1218,270,0.961426,0.96141,0.954102,0.954087,0.949707,32.402,786.225952,0.170447,0.618247
6,checkerboard3d_g4__L1_extra3__fixed_k75__seed0,AAT-L1-extra3-K75,fixed,75,75,75,1380,274,0.961426,0.961404,0.949707,0.949685,0.953125,32.632,798.902405,0.157731,0.623996
7,checkerboard3d_g4__L1_extra3__fixed_k49__seed0,AAT-L1-extra3-K49,fixed,49,49,49,912,297,0.960938,0.960925,0.955566,0.955534,0.952637,34.393,741.100952,0.214211,0.617889
8,checkerboard3d_g4__L1_extra3__fixed_k71__seed0,AAT-L1-extra3-K71,fixed,71,71,71,1308,261,0.960938,0.960933,0.953613,0.953584,0.94873,32.611,797.838074,0.166088,0.622096
9,checkerboard3d_g4__L1_extra3__fixed_k77__seed0,AAT-L1-extra3-K77,fixed,77,77,77,1416,275,0.960938,0.960937,0.950195,0.950137,0.953125,32.628,829.60907,0.157658,0.633383
10,checkerboard3d_g4__L1_extra3__fixed_k42__seed0,AAT-L1-extra3-K42,fixed,42,42,42,786,265,0.960449,0.960442,0.950195,0.950158,0.953125,34.194,737.625488,0.243507,0.607166
11,checkerboard3d_g4__L1_extra3__fixed_k54__seed0,AAT-L1-extra3-K54,fixed,54,54,54,1002,284,0.960449,0.960438,0.953125,0.953092,0.952148,33.384,753.711304,0.193572,0.617783
12,checkerboard3d_g4__L1_extra3__fixed_k41__seed0,AAT-L1-extra3-K41,fixed,41,41,41,768,281,0.959961,0.959953,0.955078,0.955045,0.951172,35.077,742.735535,0.251197,0.614226
13,checkerboard3d_g4__L1_extra3__fixed_k50__seed0,AAT-L1-extra3-K50,fixed,50,50,50,930,287,0.959961,0.959944,0.95166,0.951646,0.947266,33.213,770.9328,0.206904,0.620225
14,checkerboard3d_g4__L1_extra3__fixed_k56__seed0,AAT-L1-extra3-K56,fixed,56,56,56,1038,230,0.959961,0.959919,0.94873,0.948724,0.955566,33.745,819.031799,0.193669,0.623966
15,checkerboard3d_g4__L1_extra3__fixed_k64__seed0,AAT-L1-extra3-K64,fixed,64,64,64,1182,285,0.959961,0.959931,0.947266,0.947261,0.956055,32.985,780.634338,0.172646,0.62067
16,checkerboard3d_g4__L1_extra3__fixed_k70__seed0,AAT-L1-extra3-K70,fixed,70,70,70,1290,276,0.959961,0.959946,0.944824,0.944778,0.95166,32.661,765.826721,0.163979,0.615427
17,checkerboard3d_g4__L1_extra3__fixed_k76__seed0,AAT-L1-extra3-K76,fixed,76,76,76,1398,276,0.959961,0.959954,0.950195,0.95014,0.952148,32.547,779.484314,0.156719,0.62064
18,checkerboard3d_g4__L1_extra3__fixed_k78__seed0,AAT-L1-extra3-K78,fixed,78,78,78,1434,274,0.959961,0.959929,0.944824,0.9448,0.956055,32.619,762.800476,0.153768,0.616788
19,checkerboard3d_g4__L1_extra3__fixed_k35__seed0,AAT-L1-extra3-K35,fixed,35,35,35,660,283,0.959473,0.959449,0.945801,0.94579,0.95459,33.025,738.328003,0.271226,0.615651
20,checkerboard3d_g4__L1_extra3__fixed_k38__seed0,AAT-L1-extra3-K38,fixed,38,38,38,714,292,0.959473,0.95947,0.949219,0.949133,0.955566,34.164,710.235107,0.25647,0.605208
21,checkerboard3d_g4__L1_extra3__fixed_k40__seed0,AAT-L1-extra3-K40,fixed,40,40,40,750,245,0.959473,0.959471,0.952148,0.952056,0.947266,35.123,794.767456,0.259827,0.62146
22,checkerboard3d_g4__L1_extra3__fixed_k57__seed0,AAT-L1-extra3-K57,fixed,57,57,57,1056,284,0.959473,0.959465,0.953125,0.953092,0.953613,33.496,779.452759,0.188729,0.621422
23,checkerboard3d_g4__L1_extra3__fixed_k58__seed0,AAT-L1-extra3-K58,fixed,58,58,58,1074,276,0.959473,0.959449,0.954102,0.95407,0.947754,33.454,776.55835,0.189453,0.61873
24,checkerboard3d_g4__L1_extra3__fixed_k65__seed0,AAT-L1-extra3-K65,fixed,65,65,65,1200,280,0.959473,0.959459,0.94873,0.948688,0.952637,32.34,717.055298,0.16413,0.602186
25,checkerboard3d_g4__L1_extra3__fixed_k67__seed0,AAT-L1-extra3-K67,fixed,67,67,67,1236,260,0.959473,0.959437,0.947266,0.947246,0.954102,32.306,823.046753,0.177122,0.626143
26,checkerboard3d_g4__L1_extra3__fixed_k73__seed0,AAT-L1-extra3-K73,fixed,73,73,73,1344,299,0.959473,0.959441,0.956055,0.956049,0.956543,32.829,791.058777,0.159026,0.629124
27,checkerboard3d_g4__L1_extra3__fixed_k74__seed0,AAT-L1-extra3-K74,fixed,74,74,74,1362,277,0.959473,0.959463,0.954102,0.95407,0.95752,32.772,786.94873,0.160536,0.619639
28,checkerboard3d_g4__L1_extra3__fixed_k47__seed0,AAT-L1-extra3-K47,fixed,47,47,47,876,251,0.958984,0.958942,0.948242,0.948235,0.955078,33.087,802.012268,0.223191,0.624208
29,checkerboard3d_g4__L1_extra3__fixed_k51__seed0,AAT-L1-extra3-K51,fixed,51,51,51,948,244,0.958984,0.958981,0.949219,0.949166,0.957031,33.048,755.083252,0.206734,0.608584
30,checkerboard3d_g4__L1_extra3__fixed_k55__seed0,AAT-L1-extra3-K55,fixed,55,55,55,1020,278,0.958984,0.958969,0.954102,0.954084,0.956055,33.092,775.630432,0.196644,0.617106
31,checkerboard3d_g4__L1_extra3__fixed_k72__seed0,AAT-L1-extra3-K72,fixed,72,72,72,1326,274,0.958984,0.958973,0.942871,0.942833,0.951172,33.131,782.671936,0.158956,0.619069
32,checkerboard3d_g4__L1_extra3__fixed_k79__seed0,AAT-L1-extra3-K79,fixed,79,79,79,1452,250,0.958984,0.958958,0.945312,0.945299,0.95459,32.707,798.249573,0.158559,0.619466
33,checkerboard3d_g4__L1_extra3__fixed_k37__seed0,AAT-L1-extra3-K37,fixed,37,37,37,696,242,0.958496,0.958474,0.947266,0.947241,0.952637,33.591,736.888184,0.263876,0.606637
34,checkerboard3d_g4__L1_extra3__fixed_k43__seed0,AAT-L1-extra3-K43,fixed,43,43,43,804,297,0.958496,0.958476,0.952637,0.952616,0.956543,33.175,730.77771,0.235641,0.614026
35,checkerboard3d_g4__L1_extra3__fixed_k60__seed0,AAT-L1-extra3-K60,fixed,60,60,60,1110,287,0.958496,0.958474,0.949219,0.949183,0.953125,32.884,721.533447,0.182052,0.603726
36,checkerboard3d_g4__L1_extra3__fixed_k39__seed0,AAT-L1-extra3-K39,fixed,39,39,39,732,291,0.958008,0.958003,0.945801,0.945759,0.955078,34.64,713.906799,0.256216,0.610234
37,checkerboard3d_g4__L1_extra3__fixed_k45__seed0,AAT-L1-extra3-K45,fixed,45,45,45,840,244,0.958008,0.957998,0.950195,0.950163,0.952637,32.966,791.582214,0.234012,0.618757
38,checkerboard3d_g4__L1_extra3__fixed_k34__seed0,AAT-L1-extra3-K34,fixed,34,34,34,642,298,0.95752,0.957518,0.955078,0.955006,0.95459,33.209,749.035278,0.284259,0.622975
39,checkerboard3d_g4__L1_extra3__fixed_k46__seed0,AAT-L1-extra3-K46,fixed,46,46,46,858,276,0.95752,0.957507,0.94873,0.948703,0.946777,33.212,764.877136,0.224811,0.619126
40,checkerboard3d_g4__L1_extra3__fixed_k36__seed0,AAT-L1-extra3-K36,fixed,36,36,36,678,276,0.957031,0.957011,0.948242,0.94822,0.95166,33.544,671.522583,0.248501,0.594344
41,checkerboard3d_g4__L1_extra3__fixed_k53__seed0,AAT-L1-extra3-K53,fixed,53,53,53,984,206,0.957031,0.957023,0.95166,0.951595,0.950684,33.283,809.899109,0.20628,0.613685
42,checkerboard3d_g4__L1_extra3__fixed_k68__seed0,AAT-L1-extra3-K68,fixed,68,68,68,1254,279,0.956543,0.956526,0.943848,0.943821,0.951172,32.453,751.910767,0.16589,0.611173
43,checkerboard3d_g4__L1_extra3__fixed_k48__seed0,AAT-L1-extra3-K48,fixed,48,48,48,894,274,0.956055,0.956012,0.943848,0.943839,0.950195,33.047,710.823975,0.205266,0.602232
44,checkerboard3d_g4__L1_extra3__fixed_k52__seed0,AAT-L1-extra3-K52,fixed,52,52,52,966,290,0.956055,0.956041,0.951172,0.951135,0.95166,33.082,671.318176,0.192049,0.58876
45,checkerboard3d_g4__L1_extra3__fixed_k62__seed0,AAT-L1-extra3-K62,fixed,62,62,62,1146,281,0.955078,0.955064,0.946777,0.946733,0.952637,32.74,694.752258,0.16346,0.593872
46,checkerboard3d_g4__L1_extra3__fixed_k63__seed0,AAT-L1-extra3-K63,fixed,63,63,63,1164,288,0.95459,0.954552,0.937988,0.937979,0.94873,32.511,686.677612,0.165806,0.595096
47,checkerboard3d_g4__L1_extra3__fixed_k61__seed0,AAT-L1-extra3-K61,fixed,61,61,61,1128,298,0.950195,0.95019,0.937012,0.936966,0.949707,32.609,623.665222,0.159456,0.576175
48,checkerboard3d_g4__L1_extra3__fixed_k33__seed0,AAT-L1-extra3-K33,fixed,33,33,33,624,298,0.945801,0.945785,0.938965,0.938903,0.931641,34.101,563.927307,0.272106,0.570548
49,checkerboard3d_g4__L1_extra3__fixed_k32__seed0,AAT-L1-extra3-K32,fixed,32,32,32,606,297,0.942871,0.942871,0.931641,0.931484,0.934082,33.979,515.734436,0.257713,0.564212
50,checkerboard3d_g4__L1_extra3__fixed_k31__seed0,AAT-L1-extra3-K31,fixed,31,31,31,588,295,0.942383,0.942333,0.931152,0.93115,0.937012,33.424,524.092773,0.291496,0.559141
51,checkerboard3d_g4__L1_extra3__fixed_k30__seed0,AAT-L1-extra3-K30,fixed,30,30,30,570,299,0.928711,0.928681,0.923828,0.923783,0.922852,33.54,467.053284,0.279533,0.534727
52,checkerboard3d_g4__L1_extra3__fixed_k29__seed0,AAT-L1-extra3-K29,fixed,29,29,29,552,297,0.925781,0.925773,0.916992,0.916926,0.916016,33.531,419.798187,0.25218,0.519509
53,checkerboard3d_g4__L1_extra3__fixed_k28__seed0,AAT-L1-extra3-K28,fixed,28,28,28,534,289,0.90918,0.909148,0.903809,0.903766,0.903809,33.232,321.407104,0.235718,0.471425
54,checkerboard3d_g4__L1_extra3__fixed_k27__seed0,AAT-L1-extra3-K27,fixed,27,27,27,516,275,0.89209,0.892071,0.90332,0.903263,0.887207,33.514,293.781494,0.2146,0.468718
55,checkerboard3d_g4__L1_extra3__fixed_k26__seed0,AAT-L1-extra3-K26,fixed,26,26,26,498,294,0.874512,0.874407,0.875488,0.875486,0.871094,33.474,258.621918,0.207886,0.455954
56,checkerboard3d_g4__L1_extra3__fixed_k25__seed0,AAT-L1-extra3-K25,fixed,25,25,25,480,292,0.868164,0.868079,0.855957,0.855951,0.86084,33.462,241.720886,0.204922,0.455725
57,checkerboard3d_g4__L1_extra3__fixed_k24__seed0,AAT-L1-extra3-K24,fixed,24,24,24,462,283,0.858398,0.858364,0.844727,0.844698,0.85791,33.676,226.737427,0.186656,0.460735
58,checkerboard3d_g4__L1_extra3__fixed_k21__seed0,AAT-L1-extra3-K21,fixed,21,21,21,408,278,0.844238,0.844222,0.832031,0.832027,0.837891,33.799,130.656738,0.146787,0.383255
59,checkerboard3d_g4__L1_extra3__fixed_k22__seed0,AAT-L1-extra3-K22,fixed,22,22,22,426,258,0.842285,0.842234,0.836914,0.836817,0.834473,33.802,170.110367,0.188809,0.394184
60,checkerboard3d_g4__L1_extra3__fixed_k23__seed0,AAT-L1-extra3-K23,fixed,23,23,23,444,290,0.837402,0.837382,0.839355,0.839342,0.830566,33.45,187.865845,0.183456,0.437215
61,checkerboard3d_g4__L1_extra3__fixed_k18__seed0,AAT-L1-extra3-K18,fixed,18,18,18,354,296,0.796387,0.796113,0.803223,0.803202,0.793945,33.95,92.752632,0.142225,0.315709
62,checkerboard3d_g4__L1_extra3__fixed_k15__seed0,AAT-L1-extra3-K15,fixed,15,15,15,300,299,0.793457,0.793208,0.780762,0.78076,0.787109,33.974,53.152679,0.131315,0.33862
63,checkerboard3d_g4__L1_extra3__fixed_k17__seed0,AAT-L1-extra3-K17,fixed,17,17,17,336,268,0.790039,0.790038,0.793945,0.793453,0.780762,34.12,76.374451,0.141803,0.263692
64,checkerboard3d_g4__L1_extra3__fixed_k19__seed0,AAT-L1-extra3-K19,fixed,19,19,19,372,241,0.787109,0.786901,0.788574,0.788548,0.779785,33.568,87.685631,0.18678,0.334803
65,checkerboard3d_g4__L1_extra3__fixed_k20__seed0,AAT-L1-extra3-K20,fixed,20,20,20,390,278,0.774414,0.773324,0.78125,0.781167,0.769531,34.157,93.35582,0.149426,0.2894
66,checkerboard3d_g4__L1_extra3__fixed_k16__seed0,AAT-L1-extra3-K16,fixed,16,16,16,318,273,0.767578,0.76693,0.74707,0.747051,0.762207,33.772,57.33556,0.124176,0.270228
67,checkerboard3d_g4__L1_extra3__fixed_k11__seed0,AAT-L1-extra3-K11,fixed,11,11,11,228,291,0.749023,0.747026,0.751465,0.750733,0.734863,42.809,12.652736,0.136519,0.255394
68,checkerboard3d_g4__L1_extra3__fixed_k10__seed0,AAT-L1-extra3-K10,fixed,10,10,10,210,281,0.745605,0.745522,0.744141,0.744132,0.73877,34.03,17.01387,0.143481,0.307156
69,checkerboard3d_g4__L1_extra3__fixed_k13__seed0,AAT-L1-extra3-K13,fixed,13,13,13,264,202,0.73584,0.735734,0.737305,0.736209,0.725586,33.902,23.083042,0.12162,0.244815
70,checkerboard3d_g4__L1_extra3__fixed_k12__seed0,AAT-L1-extra3-K12,fixed,12,12,12,246,298,0.727539,0.727202,0.721191,0.721176,0.71875,33.904,26.217257,0.126485,0.19072
71,checkerboard3d_g4__L1_extra3__fixed_k14__seed0,AAT-L1-extra3-K14,fixed,14,14,14,282,295,0.725586,0.724298,0.734375,0.734263,0.721191,33.887,30.582867,0.132115,0.193182
72,checkerboard3d_g4__L1_extra3__fixed_k09__seed0,AAT-L1-extra3-K9,fixed,9,9,9,192,291,0.717773,0.716523,0.717773,0.717443,0.713379,34.386,16.432983,0.132243,0.329946
73,checkerboard3d_g4__L1_extra3__fixed_k08__seed0,AAT-L1-extra3-K8,fixed,8,8,8,174,109,0.683105,0.679234,0.679199,0.677103,0.678711,33.755,8.738335,0.145538,0.195035
74,checkerboard3d_g4__L1_extra3__fixed_k07__seed0,AAT-L1-extra3-K7,fixed,7,7,7,156,225,0.665527,0.655759,0.664062,0.655656,0.659668,34.129,6.921807,0.114886,0.114142
75,checkerboard3d_g4__L1_extra3__fixed_k04__seed0,AAT-L1-extra3-K4,fixed,4,4,4,102,283,0.657227,0.656161,0.644531,0.644091,0.648438,34.3,4.109708,0.188354,0.260625
76,checkerboard3d_g4__L1_extra3__fixed_k06__seed0,AAT-L1-extra3-K6,fixed,6,6,6,138,293,0.651855,0.64331,0.645508,0.63997,0.646973,34.051,3.535661,0.204142,0.218063
77,checkerboard3d_g4__L1_extra3__fixed_k05__seed0,AAT-L1-extra3-K5,fixed,5,5,5,120,269,0.63916,0.639077,0.618164,0.618003,0.630859,33.96,5.597505,0.108154,0.209374
78,checkerboard3d_g4__L1_extra3__autok_max80__seed0,AAT-L1-extra3-AutoK-max80,auto,,5,80,120,139,0.630371,0.629607,0.624512,0.624361,0.620117,33.509,3.398412,0.19043,0.193369
79,checkerboard3d_g4__L1_extra3__autok_max48__seed0,AAT-L1-extra3-AutoK-max48,auto,,5,48,120,68,0.616699,0.61466,0.616699,0.61557,0.603516,65.082,6.460718,0.219775,0.25633
80,checkerboard3d_g4__L1_extra3__fixed_k02__seed0,AAT-L1-extra3-K2,fixed,2,2,2,66,283,0.573242,0.568168,0.563965,0.561116,0.571289,60.299,4.948846,0.085449,0.326764
81,checkerboard3d_g4__L1_extra3__fixed_k03__seed0,AAT-L1-extra3-K3,fixed,3,3,3,84,55,0.568848,0.546462,0.547363,0.530959,0.558105,52.071,2.791779,0.165365,0.096745
