status,run_id,dataset,model,mode,seed,layers,fixed_k,selected_k,max_children,state_mode,extra_dims,input_dim,state_dim,num_classes,epochs,lr,batch_size,init_samples,kmeans_iters,params,best_epoch,best_val_acc,best_val_f1,final_val_acc,final_val_f1,test_acc,test_f1,train_time_sec,selected_children,total_children,train_fisher_before,train_fisher_after,val_fisher_before,val_fisher_after,test_fisher_before,test_fisher_after,layer1_children,layer1_sigma_mean,layer1_sigma_min,layer1_sigma_max,layer1_gate_active,layer1_gate_mean,layer1_move_norm,layer1_alpha_eff,layer1_parent_top_rate,layer1_child_top_rate,layer1_charge_abs_mean,layer1_parent_norm,layer1_child_offset_norm
ok,airline_satisfaction__L1_x2__autok_max100__seed0,airline_satisfaction,AAT-L1-x2-AutoK-max100,auto,0,1,,7,100,x2,32,32,64,2,80,0.001,512,8192,8,1200,78,0.942063,0.940985,0.941293,0.94033,0.941099,0.94019,102.901,"[[7, 7]]",14,6778.578125,6966.822266,1237.093018,1269.654175,2095.927246,2153.103271,7.0,2.802182,2.109274,3.351034,0.167045,0.134956,0.473576,4.913388,0.0,1.0,0.596193,8.493202,19.691467
ok,airline_satisfaction__L1_x2__fixed_k02__seed0,airline_satisfaction,AAT-L1-x2-K2,fixed,0,1,2,2,2,x2,32,32,64,2,80,0.001,512,8192,8,530,73,0.925959,0.924603,0.925574,0.924078,0.922505,0.921301,133.875,"[[2, 2]]",4,6778.578125,6797.542969,1237.093018,1240.390503,2095.927246,2101.848633,2.0,2.937958,2.625428,3.3678,0.198151,0.101074,0.551101,3.109561,0.014526,0.985474,0.758915,7.372852,6.510567
ok,airline_satisfaction__L1_x2__fixed_k03__seed0,airline_satisfaction,AAT-L1-x2-K3,fixed,0,1,3,3,3,x2,32,32,64,2,80,0.001,512,8192,8,664,79,0.934364,0.932958,0.934108,0.932727,0.934401,0.933211,162.113,"[[3, 3]]",6,6778.578125,6937.09668,1237.093018,1266.603027,2095.927246,2145.289307,3.0,2.642748,2.043169,3.101476,0.192017,0.082438,0.346624,3.073614,0.0,1.0,0.39806,8.259002,14.875128
ok,airline_satisfaction__L1_x2__fixed_k04__seed0,airline_satisfaction,AAT-L1-x2-K4,fixed,0,1,4,4,4,x2,32,32,64,2,80,0.001,512,8192,8,798,74,0.939561,0.938362,0.939369,0.938191,0.938328,0.937282,179.396,"[[4, 4]]",8,6778.578125,6928.476562,1237.093018,1262.844116,2095.927246,2142.209717,4.0,2.724841,2.259622,3.282351,0.188141,0.084992,0.338709,3.462479,0.007568,0.992432,0.67466,7.515812,16.310858
ok,airline_satisfaction__L1_x2__fixed_k05__seed0,airline_satisfaction,AAT-L1-x2-K5,fixed,0,1,5,5,5,x2,32,32,64,2,80,0.001,512,8192,8,932,68,0.941935,0.940898,0.941101,0.940072,0.940445,0.939487,183.56,"[[5, 5]]",10,6778.578125,7049.14502,1237.093018,1284.821167,2095.927246,2178.09668,5.0,2.774489,2.292082,3.169373,0.198047,0.169035,0.450876,4.28327,0.078979,0.921021,0.556188,8.409328,17.902552
ok,airline_satisfaction__L1_x2__fixed_k06__seed0,airline_satisfaction,AAT-L1-x2-K6,fixed,0,1,6,6,6,x2,32,32,64,2,80,0.001,512,8192,8,1066,75,0.946298,0.945166,0.946041,0.944998,0.943948,0.942918,182.715,"[[6, 6]]",12,6778.578125,6887.806641,1237.093018,1256.510986,2095.927246,2129.162354,6.0,2.704684,2.226377,3.33463,0.105174,0.041602,0.429751,4.373607,0.251587,0.748413,0.780627,8.423286,19.78997
ok,airline_satisfaction__L1_x2__fixed_k07__seed0,airline_satisfaction,AAT-L1-x2-K7,fixed,0,1,7,7,7,x2,32,32,64,2,80,0.001,512,8192,8,1200,76,0.941229,0.940186,0.941229,0.940003,0.941215,0.940296,182.679,"[[7, 7]]",14,6778.578125,7006.733887,1237.093018,1277.2229,2095.927246,2165.015381,7.0,2.742439,2.058391,3.435605,0.151289,0.104519,0.402732,4.508513,0.021851,0.978149,0.565731,8.396843,19.748835
ok,airline_satisfaction__L1_x2__fixed_k08__seed0,airline_satisfaction,AAT-L1-x2-K8,fixed,0,1,8,8,8,x2,32,32,64,2,80,0.001,512,8192,8,1334,72,0.947389,0.946295,0.947325,0.946255,0.945681,0.944654,182.77,"[[8, 8]]",16,6778.578125,7074.058594,1237.093018,1290.941528,2095.927246,2183.225342,8.0,2.670554,2.140394,3.382935,0.177818,0.133282,0.588043,4.566046,0.029907,0.970093,0.675492,7.81052,18.647413
ok,airline_satisfaction__L1_x2__fixed_k09__seed0,airline_satisfaction,AAT-L1-x2-K9,fixed,0,1,9,9,9,x2,32,32,64,2,80,0.001,512,8192,8,1468,75,0.948159,0.947126,0.94726,0.946245,0.946451,0.945535,183.144,"[[9, 9]]",18,6778.578125,7044.836426,1237.093018,1285.807495,2095.927246,2174.595947,9.0,2.764715,2.242433,3.431798,0.229757,0.192386,0.588818,5.488252,0.008301,0.991699,0.677785,7.882992,17.386198
ok,airline_satisfaction__L1_x2__fixed_k10__seed0,airline_satisfaction,AAT-L1-x2-K10,fixed,0,1,10,10,10,x2,32,32,64,2,80,0.001,512,8192,8,1602,79,0.949057,0.947967,0.948608,0.947625,0.947759,0.946763,183.033,"[[10, 10]]",20,6778.578125,7054.650391,1237.093018,1286.782959,2095.927246,2177.154297,10.0,2.742556,2.057488,3.483314,0.161182,0.081051,0.598828,4.692729,0.785522,0.214478,0.706621,7.381313,16.371138
ok,airline_satisfaction__L1_x2__fixed_k11__seed0,airline_satisfaction,AAT-L1-x2-K11,fixed,0,1,11,11,11,x2,32,32,64,2,80,0.001,512,8192,8,1736,77,0.949698,0.948737,0.947645,0.946756,0.948106,0.94721,169.954,"[[11, 11]]",22,6778.578125,7084.64209,1237.093018,1292.31604,2095.927246,2186.818359,11.0,2.777042,2.209339,3.399101,0.149714,0.075388,0.557879,5.598929,0.618652,0.381348,0.764277,7.434576,16.355663
ok,airline_satisfaction__L1_x2__fixed_k12__seed0,airline_satisfaction,AAT-L1-x2-K12,fixed,0,1,12,12,12,x2,32,32,64,2,80,0.001,512,8192,8,1870,79,0.947453,0.946333,0.94649,0.945445,0.945026,0.943957,178.901,"[[12, 12]]",24,6778.578125,7025.630371,1237.093018,1281.66272,2095.927246,2169.318115,12.0,2.692072,1.95657,3.500338,0.117457,0.059609,0.438712,5.277746,0.118896,0.881104,0.629657,7.909726,15.645236
ok,airline_satisfaction__L1_x2__fixed_k13__seed0,airline_satisfaction,AAT-L1-x2-K13,fixed,0,1,13,13,13,x2,32,32,64,2,80,0.001,512,8192,8,2004,75,0.949763,0.948706,0.947004,0.94593,0.947375,0.94633,136.551,"[[13, 13]]",26,6778.578125,7115.526367,1237.093018,1298.294556,2095.927246,2196.622803,13.0,2.708201,1.656542,3.587443,0.132014,0.072854,0.488104,5.707891,0.284912,0.715088,0.593382,7.854281,14.960842
ok,airline_satisfaction__L1_x2__fixed_k82__seed0,airline_satisfaction,AAT-L1-x2-K82,fixed,0,1,82,82,82,x2,32,32,64,2,80,0.001,512,8192,8,11250,75,0.953869,0.952932,0.950853,0.94998,0.954035,0.953183,117.392,"[[82, 82]]",164,6778.578125,7079.749023,1237.093018,1290.491089,2095.927246,2179.487061,82.0,2.690641,1.58134,3.870061,0.128181,0.08734,0.553495,21.713326,0.0,1.0,0.595243,8.618353,10.142842
ok,airline_satisfaction__L1_x2__fixed_k87__seed0,airline_satisfaction,AAT-L1-x2-K87,fixed,0,1,87,87,87,x2,32,32,64,2,80,0.001,512,8192,8,11920,80,0.955216,0.954313,0.955216,0.954313,0.955035,0.954214,172.774,"[[87, 87]]",174,6778.578125,7092.341309,1237.093018,1293.28125,2095.927246,2183.768311,87.0,2.704868,1.527001,3.636674,0.136193,0.094383,0.587374,24.922529,0.000244,0.999756,0.598204,8.468904,10.125437
ok,airline_satisfaction__L1_x2__fixed_k70__seed0,airline_satisfaction,AAT-L1-x2-K70,fixed,0,1,70,70,70,x2,32,32,64,2,80,0.001,512,8192,8,9642,79,0.954126,0.953169,0.953484,0.952594,0.952918,0.952052,103.592,"[[70, 70]]",140,6778.578125,7062.034668,1237.093018,1287.639282,2095.927246,2175.785645,70.0,2.692362,1.724404,3.830045,0.127106,0.086095,0.516237,19.951021,0.004517,0.995483,0.597787,8.49991,10.282731
ok,airline_satisfaction__L1_x2__fixed_k40__seed0,airline_satisfaction,AAT-L1-x2-K40,fixed,0,1,40,40,40,x2,32,32,64,2,80,0.001,512,8192,8,5622,78,0.952971,0.952033,0.952586,0.951594,0.950762,0.94986,107.215,"[[40, 40]]",80,6778.578125,7048.598633,1237.093018,1286.493408,2095.927246,2173.025635,40.0,2.714052,1.642437,3.432145,0.155423,0.105791,0.528866,14.964284,0.009155,0.990845,0.591473,8.479005,11.092408
ok,airline_satisfaction__L1_x2__fixed_k41__seed0,airline_satisfaction,AAT-L1-x2-K41,fixed,0,1,41,41,41,x2,32,32,64,2,80,0.001,512,8192,8,5756,79,0.954254,0.953295,0.949057,0.948165,0.953534,0.952637,104.184,"[[41, 41]]",82,6778.578125,7121.37793,1237.093018,1299.946045,2095.927246,2196.322998,41.0,2.728149,2.087376,3.637162,0.138383,0.081423,0.532444,14.887656,0.045288,0.954712,0.597717,8.144226,11.129613
ok,airline_satisfaction__L1_x2__fixed_k42__seed0,airline_satisfaction,AAT-L1-x2-K42,fixed,0,1,42,42,42,x2,32,32,64,2,80,0.001,512,8192,8,5890,65,0.952714,0.951736,0.951816,0.95081,0.952764,0.951845,104.141,"[[42, 42]]",84,6778.578125,7100.841309,1237.093018,1296.235107,2095.927246,2190.27832,42.0,2.714373,2.091779,3.66935,0.134158,0.082159,0.532548,13.702755,0.042603,0.957397,0.540256,8.185323,11.0307
ok,airline_satisfaction__L1_x2__fixed_k43__seed0,airline_satisfaction,AAT-L1-x2-K43,fixed,0,1,43,43,43,x2,32,32,64,2,80,0.001,512,8192,8,6024,73,0.953484,0.952546,0.95265,0.95173,0.95338,0.952525,103.98,"[[43, 43]]",86,6778.578125,7106.290527,1237.093018,1296.793579,2095.927246,2190.187012,43.0,2.723594,1.697576,3.481744,0.150924,0.098548,0.535826,15.322954,0.039551,0.960449,0.586331,8.272456,10.893109
ok,airline_satisfaction__L1_x2__fixed_k44__seed0,airline_satisfaction,AAT-L1-x2-K44,fixed,0,1,44,44,44,x2,32,32,64,2,80,0.001,512,8192,8,6158,75,0.953612,0.952723,0.95342,0.952518,0.952341,0.951506,104.183,"[[44, 44]]",88,6778.578125,7121.191406,1237.093018,1299.621338,2095.927246,2196.697021,44.0,2.724593,2.045395,3.482527,0.154703,0.107468,0.569409,16.23127,0.048462,0.951538,0.610068,8.290442,10.915802
ok,airline_satisfaction__L1_x2__fixed_k45__seed0,airline_satisfaction,AAT-L1-x2-K45,fixed,0,1,45,45,45,x2,32,32,64,2,80,0.001,512,8192,8,6292,75,0.953291,0.952303,0.951752,0.950763,0.952687,0.951755,104.302,"[[45, 45]]",90,6778.578125,7069.627441,1237.093018,1289.72522,2095.927246,2179.455078,45.0,2.720581,1.692642,3.298535,0.138749,0.102307,0.564914,15.060784,0.016968,0.983032,0.585463,8.607687,10.98021
ok,airline_satisfaction__L1_x2__fixed_k46__seed0,airline_satisfaction,AAT-L1-x2-K46,fixed,0,1,46,46,46,x2,32,32,64,2,80,0.001,512,8192,8,6426,76,0.954639,0.953721,0.953805,0.952942,0.953265,0.952404,104.519,"[[46, 46]]",92,6778.578125,7052.937988,1237.093018,1287.112061,2095.927246,2174.682617,46.0,2.708266,1.625197,3.571344,0.124932,0.083503,0.540854,13.874195,0.047119,0.952881,0.581648,8.430494,10.940546
ok,airline_satisfaction__L1_x2__fixed_k47__seed0,airline_satisfaction,AAT-L1-x2-K47,fixed,0,1,47,47,47,x2,32,32,64,2,80,0.001,512,8192,8,6560,79,0.955345,0.954472,0.954126,0.95326,0.955035,0.954253,104.219,"[[47, 47]]",94,6778.578125,7092.347168,1237.093018,1293.475342,2095.927246,2185.890381,47.0,2.718758,1.805329,3.593752,0.162369,0.12145,0.58433,15.274923,0.004028,0.995972,0.629548,8.48334,10.785361
ok,airline_satisfaction__L1_x2__fixed_k48__seed0,airline_satisfaction,AAT-L1-x2-K48,fixed,0,1,48,48,48,x2,32,32,64,2,80,0.001,512,8192,8,6694,80,0.95496,0.954042,0.95496,0.954042,0.953457,0.952616,104.425,"[[48, 48]]",96,6778.578125,7116.468262,1237.093018,1297.771362,2095.927246,2192.600586,48.0,2.705657,1.726643,3.620298,0.159409,0.124962,0.569994,14.584803,0.019043,0.980957,0.618885,8.549516,10.850627
ok,airline_satisfaction__L1_x2__fixed_k49__seed0,airline_satisfaction,AAT-L1-x2-K49,fixed,0,1,49,49,49,x2,32,32,64,2,80,0.001,512,8192,8,6828,78,0.955345,0.954468,0.953356,0.952512,0.95338,0.952588,104.264,"[[49, 49]]",98,6778.578125,7070.825684,1237.093018,1290.176758,2095.927246,2179.628418,49.0,2.722908,1.741302,3.470919,0.165289,0.127935,0.653593,17.034828,0.03418,0.96582,0.628935,8.482648,10.736434
ok,airline_satisfaction__L1_x2__fixed_k50__seed0,airline_satisfaction,AAT-L1-x2-K50,fixed,0,1,50,50,50,x2,32,32,64,2,80,0.001,512,8192,8,6962,78,0.954382,0.953391,0.952457,0.951548,0.954342,0.95341,103.472,"[[50, 50]]",100,6778.578125,7071.434082,1237.093018,1289.544556,2095.927246,2179.886475,50.0,2.715859,1.699227,3.578417,0.157629,0.120438,0.529368,15.952145,0.002686,0.997314,0.607412,8.423624,10.642417
ok,airline_satisfaction__L1_x2__fixed_k51__seed0,airline_satisfaction,AAT-L1-x2-K51,fixed,0,1,51,51,51,x2,32,32,64,2,80,0.001,512,8192,8,7096,79,0.95342,0.952523,0.952137,0.951279,0.953534,0.952727,104.301,"[[51, 51]]",102,6778.578125,6995.405762,1237.093018,1275.340942,2095.927246,2158.273193,51.0,2.711886,1.638015,3.763952,0.142366,0.102495,0.480795,15.870852,0.002808,0.997192,0.596648,8.301222,10.634474
ok,airline_satisfaction__L1_x2__fixed_k52__seed0,airline_satisfaction,AAT-L1-x2-K52,fixed,0,1,52,52,52,x2,32,32,64,2,80,0.001,512,8192,8,7230,78,0.955345,0.954423,0.954831,0.953932,0.95365,0.952801,103.235,"[[52, 52]]",104,6778.578125,7014.474609,1237.093018,1279.085449,2095.927246,2162.898682,52.0,2.71578,1.633391,3.785976,0.134976,0.097165,0.525429,15.920634,0.001831,0.998169,0.602485,8.332806,10.571454
ok,airline_satisfaction__L1_x2__fixed_k53__seed0,airline_satisfaction,AAT-L1-x2-K53,fixed,0,1,53,53,53,x2,32,32,64,2,80,0.001,512,8192,8,7364,77,0.954061,0.953134,0.952906,0.952017,0.953919,0.953102,103.552,"[[53, 53]]",106,6778.578125,6988.972656,1237.093018,1274.758667,2095.927246,2156.044189,53.0,2.727047,1.670119,3.659716,0.159412,0.114228,0.512159,16.973537,0.000977,0.999023,0.61352,8.433406,10.449673
ok,airline_satisfaction__L1_x2__fixed_k54__seed0,airline_satisfaction,AAT-L1-x2-K54,fixed,0,1,54,54,54,x2,32,32,64,2,80,0.001,512,8192,8,7498,63,0.954895,0.953928,0.954446,0.95348,0.95288,0.951981,103.767,"[[54, 54]]",108,6778.578125,7024.476562,1237.093018,1282.164429,2095.927246,2166.120361,54.0,2.713755,1.691319,3.668919,0.137433,0.096855,0.545488,16.179188,0.011597,0.988403,0.566737,8.371338,10.450103
ok,airline_satisfaction__L1_x2__fixed_k55__seed0,airline_satisfaction,AAT-L1-x2-K55,fixed,0,1,55,55,55,x2,32,32,64,2,80,0.001,512,8192,8,7632,78,0.95496,0.954093,0.95496,0.954037,0.953342,0.952558,104.641,"[[55, 55]]",110,6778.578125,7011.568359,1237.093018,1278.586182,2095.927246,2163.203613,55.0,2.71021,1.656488,3.649501,0.151519,0.106565,0.524142,18.137915,0.004395,0.995605,0.638533,8.205626,10.405015
ok,airline_satisfaction__L1_x2__fixed_k56__seed0,airline_satisfaction,AAT-L1-x2-K56,fixed,0,1,56,56,56,x2,32,32,64,2,80,0.001,512,8192,8,7766,68,0.953933,0.953007,0.95265,0.951764,0.953303,0.95249,104.556,"[[56, 56]]",112,6778.578125,7029.381836,1237.093018,1282.339233,2095.927246,2167.186523,56.0,2.704625,1.668973,3.595939,0.140155,0.102133,0.528861,17.948748,0.021851,0.978149,0.587855,8.395193,10.473025
ok,airline_satisfaction__L1_x2__fixed_k57__seed0,airline_satisfaction,AAT-L1-x2-K57,fixed,0,1,57,57,57,x2,32,32,64,2,80,0.001,512,8192,8,7900,80,0.954061,0.95318,0.954061,0.95318,0.953265,0.952486,104.622,"[[57, 57]]",114,6778.578125,7026.442871,1237.093018,1281.575928,2095.927246,2166.144531,57.0,2.692993,1.610918,3.564968,0.130799,0.093858,0.510967,17.926422,0.019653,0.980347,0.602492,8.440889,10.496676
ok,airline_satisfaction__L1_x2__fixed_k58__seed0,airline_satisfaction,AAT-L1-x2-K58,fixed,0,1,58,58,58,x2,32,32,64,2,80,0.001,512,8192,8,8034,79,0.95419,0.953246,0.953933,0.953063,0.954458,0.953582,103.774,"[[58, 58]]",116,6778.578125,7054.603516,1237.093018,1286.638794,2095.927246,2172.74585,58.0,2.713466,1.618253,3.674074,0.12147,0.081396,0.476815,18.761749,0.025146,0.974854,0.595599,8.422943,10.447914
ok,airline_satisfaction__L1_x2__fixed_k59__seed0,airline_satisfaction,AAT-L1-x2-K59,fixed,0,1,59,59,59,x2,32,32,64,2,80,0.001,512,8192,8,8168,70,0.955665,0.954786,0.955537,0.954677,0.953457,0.952604,103.988,"[[59, 59]]",118,6778.578125,7063.794922,1237.093018,1288.256226,2095.927246,2176.372559,59.0,2.692315,1.643224,3.717642,0.130256,0.089137,0.529597,18.212461,0.043579,0.956421,0.57873,8.343022,10.357737
ok,airline_satisfaction__L1_x2__fixed_k60__seed0,airline_satisfaction,AAT-L1-x2-K60,fixed,0,1,60,60,60,x2,32,32,64,2,80,0.001,512,8192,8,8302,75,0.954318,0.953328,0.954318,0.953415,0.953111,0.952173,103.832,"[[60, 60]]",120,6778.578125,7049.052734,1237.093018,1285.515137,2095.927246,2173.928467,60.0,2.718337,1.627361,3.736394,0.125727,0.07899,0.478239,18.905731,0.032104,0.967896,0.586502,8.445721,10.418514
ok,airline_satisfaction__L1_x2__fixed_k61__seed0,airline_satisfaction,AAT-L1-x2-K61,fixed,0,1,61,61,61,x2,32,32,64,2,80,0.001,512,8192,8,8436,79,0.955088,0.954187,0.954703,0.953833,0.95338,0.952536,103.897,"[[61, 61]]",122,6778.578125,7046.740234,1237.093018,1285.004517,2095.927246,2172.900879,61.0,2.69479,1.652762,3.650751,0.128943,0.083516,0.518929,19.034786,0.034424,0.965576,0.619999,8.489489,10.379664
ok,airline_satisfaction__L1_x2__fixed_k62__seed0,airline_satisfaction,AAT-L1-x2-K62,fixed,0,1,62,62,62,x2,32,32,64,2,80,0.001,512,8192,8,8570,77,0.955216,0.954362,0.953291,0.952443,0.954843,0.954066,104.39,"[[62, 62]]",124,6778.578125,7059.036133,1237.093018,1287.423096,2095.927246,2173.855469,62.0,2.694497,1.649167,3.587845,0.159883,0.118216,0.528872,19.107445,0.001587,0.998413,0.601871,8.589289,10.254757
ok,airline_satisfaction__L1_x2__fixed_k63__seed0,airline_satisfaction,AAT-L1-x2-K63,fixed,0,1,63,63,63,x2,32,32,64,2,80,0.001,512,8192,8,8704,75,0.954895,0.953957,0.953805,0.952942,0.953842,0.952968,104.82,"[[63, 63]]",126,6778.578125,7053.797852,1237.093018,1286.523315,2095.927246,2174.859131,63.0,2.691849,1.721555,3.676777,0.143373,0.102371,0.554353,20.169052,0.030884,0.969116,0.591418,8.529659,10.214007
ok,airline_satisfaction__L1_x2__fixed_k64__seed0,airline_satisfaction,AAT-L1-x2-K64,fixed,0,1,64,64,64,x2,32,32,64,2,80,0.001,512,8192,8,8838,78,0.955152,0.954285,0.955088,0.954182,0.955497,0.95471,103.955,"[[64, 64]]",128,6778.578125,7081.590332,1237.093018,1291.444702,2095.927246,2183.802246,64.0,2.69301,1.714124,3.674787,0.158001,0.112431,0.562983,19.693069,0.003174,0.996826,0.620622,8.395248,10.134956
ok,airline_satisfaction__L1_x2__fixed_k65__seed0,airline_satisfaction,AAT-L1-x2-K65,fixed,0,1,65,65,65,x2,32,32,64,2,80,0.001,512,8192,8,8972,77,0.954895,0.954005,0.954318,0.953447,0.954843,0.954038,104.284,"[[65, 65]]",130,6778.578125,7057.210449,1237.093018,1287.136353,2095.927246,2174.653564,65.0,2.700695,1.643987,3.747347,0.126833,0.090173,0.489073,19.376947,0.008057,0.991943,0.582784,8.646399,10.199166
ok,airline_satisfaction__L1_x2__fixed_k66__seed0,airline_satisfaction,AAT-L1-x2-K66,fixed,0,1,66,66,66,x2,32,32,64,2,80,0.001,512,8192,8,9106,75,0.95451,0.95359,0.954061,0.953167,0.953534,0.952683,104.287,"[[66, 66]]",132,6778.578125,7050.179199,1237.093018,1285.567993,2095.927246,2172.601807,66.0,2.707304,1.645697,3.818336,0.130388,0.087993,0.488842,19.557524,0.010864,0.989136,0.587073,8.320518,10.156561
ok,airline_satisfaction__L1_x2__fixed_k67__seed0,airline_satisfaction,AAT-L1-x2-K67,fixed,0,1,67,67,67,x2,32,32,64,2,80,0.001,512,8192,8,9240,77,0.955152,0.954221,0.954703,0.953809,0.954112,0.953271,103.378,"[[67, 67]]",134,6778.578125,7059.939453,1237.093018,1287.713501,2095.927246,2177.197021,67.0,2.708591,1.611284,3.80092,0.149012,0.103894,0.537318,20.344734,0.000366,0.999634,0.582974,8.265154,10.051989
ok,airline_satisfaction__L1_x2__fixed_k68__seed0,airline_satisfaction,AAT-L1-x2-K68,fixed,0,1,68,68,68,x2,32,32,64,2,80,0.001,512,8192,8,9374,80,0.953869,0.952949,0.953869,0.952949,0.952841,0.95201,104.471,"[[68, 68]]",136,6778.578125,7080.442871,1237.093018,1291.011108,2095.927246,2182.310547,68.0,2.696372,1.657583,3.740133,0.125933,0.083379,0.494485,19.4484,0.006714,0.993286,0.586786,8.537087,10.147402
ok,airline_satisfaction__L1_x2__fixed_k69__seed0,airline_satisfaction,AAT-L1-x2-K69,fixed,0,1,69,69,69,x2,32,32,64,2,80,0.001,512,8192,8,9508,63,0.953548,0.952644,0.951944,0.951058,0.953957,0.953175,103.648,"[[69, 69]]",138,6778.578125,7083.875488,1237.093018,1291.76062,2095.927246,2182.218506,69.0,2.696068,1.697341,3.887558,0.124596,0.085882,0.519907,18.702461,0.012573,0.987427,0.562287,8.461095,10.086519
ok,airline_satisfaction__L1_x2__fixed_k71__seed0,airline_satisfaction,AAT-L1-x2-K71,fixed,0,1,71,71,71,x2,32,32,64,2,80,0.001,512,8192,8,9776,78,0.954318,0.953374,0.95342,0.952464,0.952764,0.951916,104.058,"[[71, 71]]",142,6778.578125,7085.854492,1237.093018,1292.276367,2095.927246,2184.820312,71.0,2.689851,1.62662,3.72933,0.137105,0.094091,0.546453,20.735714,0.00061,0.99939,0.583773,8.477706,10.221875
ok,airline_satisfaction__L1_x2__fixed_k72__seed0,airline_satisfaction,AAT-L1-x2-K72,fixed,0,1,72,72,72,x2,32,32,64,2,80,0.001,512,8192,8,9910,58,0.954318,0.953435,0.953548,0.952711,0.953342,0.952528,104.775,"[[72, 72]]",144,6778.578125,7102.769043,1237.093018,1295.454468,2095.927246,2187.782715,72.0,2.695869,1.720707,3.692531,0.119754,0.08045,0.507211,20.587418,0.016357,0.983643,0.530755,8.448726,10.175808
ok,airline_satisfaction__L1_x2__fixed_k73__seed0,airline_satisfaction,AAT-L1-x2-K73,fixed,0,1,73,73,73,x2,32,32,64,2,80,0.001,512,8192,8,10044,75,0.954061,0.953153,0.953356,0.952408,0.953573,0.952743,104.584,"[[73, 73]]",146,6778.578125,7080.061035,1237.093018,1291.621094,2095.927246,2182.707031,73.0,2.713692,1.592297,3.269119,0.145963,0.104084,0.565313,21.910826,0.000366,0.999634,0.60707,8.517508,10.125796
ok,airline_satisfaction__L1_x2__fixed_k74__seed0,airline_satisfaction,AAT-L1-x2-K74,fixed,0,1,74,74,74,x2,32,32,64,2,80,0.001,512,8192,8,10178,79,0.953741,0.952827,0.952842,0.951954,0.954766,0.95395,104.597,"[[74, 74]]",148,6778.578125,7093.227539,1237.093018,1294.071289,2095.927246,2185.506104,74.0,2.707474,1.554793,3.325589,0.139149,0.098604,0.555608,24.939178,0.0,1.0,0.609443,8.396516,10.142051
ok,airline_satisfaction__L1_x2__fixed_k75__seed0,airline_satisfaction,AAT-L1-x2-K75,fixed,0,1,75,75,75,x2,32,32,64,2,80,0.001,512,8192,8,10312,71,0.954254,0.953369,0.951559,0.950742,0.952918,0.952095,105.678,"[[75, 75]]",150,6778.578125,7066.880859,1237.093018,1288.829712,2095.927246,2175.3479,75.0,2.694806,1.645217,3.455693,0.122381,0.080638,0.497866,23.000982,0.011353,0.988647,0.5903,8.482625,10.190943
ok,airline_satisfaction__L1_x2__fixed_k76__seed0,airline_satisfaction,AAT-L1-x2-K76,fixed,0,1,76,76,76,x2,32,32,64,2,80,0.001,512,8192,8,10446,79,0.954639,0.953763,0.95451,0.953607,0.955151,0.954394,103.684,"[[76, 76]]",152,6778.578125,7076.019043,1237.093018,1290.724731,2095.927246,2178.212646,76.0,2.704803,1.548697,3.534994,0.142909,0.102647,0.522079,21.968929,0.0,1.0,0.620062,8.546839,10.125033
ok,airline_satisfaction__L1_x2__fixed_k77__seed0,airline_satisfaction,AAT-L1-x2-K77,fixed,0,1,77,77,77,x2,32,32,64,2,80,0.001,512,8192,8,10580,76,0.953997,0.953087,0.952329,0.951481,0.954112,0.953283,104.235,"[[77, 77]]",154,6778.578125,7051.123047,1237.093018,1285.937134,2095.927246,2173.080566,77.0,2.686899,1.598353,3.544732,0.135727,0.096257,0.528703,21.128996,0.0,1.0,0.612142,8.547881,10.09933
ok,airline_satisfaction__L1_x2__fixed_k78__seed0,airline_satisfaction,AAT-L1-x2-K78,fixed,0,1,78,78,78,x2,32,32,64,2,80,0.001,512,8192,8,10714,76,0.955409,0.954447,0.952842,0.951998,0.95338,0.952458,103.634,"[[78, 78]]",156,6778.578125,7044.57666,1237.093018,1284.738159,2095.927246,2169.323975,78.0,2.678338,1.597429,3.522933,0.136935,0.096504,0.552069,22.153502,0.0,1.0,0.60789,8.524519,10.107384
ok,airline_satisfaction__L1_x2__fixed_k79__seed0,airline_satisfaction,AAT-L1-x2-K79,fixed,0,1,79,79,79,x2,32,32,64,2,80,0.001,512,8192,8,10848,77,0.955216,0.954291,0.955152,0.954228,0.954188,0.953339,103.954,"[[79, 79]]",158,6778.578125,7047.886719,1237.093018,1285.202393,2095.927246,2174.650391,79.0,2.662666,1.596621,3.406615,0.13461,0.093051,0.54398,21.555712,0.0,1.0,0.61066,8.555685,10.04604
ok,airline_satisfaction__L1_x2__fixed_k80__seed0,airline_satisfaction,AAT-L1-x2-K80,fixed,0,1,80,80,80,x2,32,32,64,2,80,0.001,512,8192,8,10982,65,0.95419,0.953227,0.953869,0.952932,0.952572,0.951606,105.08,"[[80, 80]]",160,6778.578125,7133.351074,1237.093018,1301.407715,2095.927246,2198.143066,80.0,2.696387,1.713296,3.382585,0.147453,0.111856,0.643294,20.21731,0.0,1.0,0.59586,8.706978,10.069235
ok,airline_satisfaction__L1_x2__fixed_k81__seed0,airline_satisfaction,AAT-L1-x2-K81,fixed,0,1,81,81,81,x2,32,32,64,2,80,0.001,512,8192,8,11116,78,0.955088,0.954161,0.954382,0.953435,0.953496,0.952644,104.215,"[[81, 81]]",162,6778.578125,7057.720703,1237.093018,1286.766357,2095.927246,2174.422852,81.0,2.70677,1.563035,3.425322,0.137344,0.096713,0.606789,23.781845,0.0,1.0,0.608029,8.431174,10.132894
ok,airline_satisfaction__L1_x2__fixed_k83__seed0,airline_satisfaction,AAT-L1-x2-K83,fixed,0,1,83,83,83,x2,32,32,64,2,80,0.001,512,8192,8,11384,79,0.955088,0.954228,0.952971,0.952095,0.954227,0.95345,104.667,"[[83, 83]]",166,6778.578125,7061.616699,1237.093018,1287.392334,2095.927246,2177.770264,83.0,2.669877,1.618573,3.763272,0.132185,0.091433,0.565975,20.654568,0.0,1.0,0.60909,8.601505,10.165024
ok,airline_satisfaction__L1_x2__fixed_k84__seed0,airline_satisfaction,AAT-L1-x2-K84,fixed,0,1,84,84,84,x2,32,32,64,2,80,0.001,512,8192,8,11518,72,0.95496,0.954081,0.953869,0.952998,0.955074,0.954285,104.915,"[[84, 84]]",168,6778.578125,7060.175781,1237.093018,1287.108887,2095.927246,2175.802002,84.0,2.665019,1.64875,3.77409,0.128935,0.090888,0.564253,19.980417,0.0,1.0,0.5802,8.657198,10.165633
ok,airline_satisfaction__L1_x2__fixed_k85__seed0,airline_satisfaction,AAT-L1-x2-K85,fixed,0,1,85,85,85,x2,32,32,64,2,80,0.001,512,8192,8,11652,72,0.954575,0.95368,0.953676,0.952766,0.954304,0.953514,103.935,"[[85, 85]]",170,6778.578125,7012.398438,1237.093018,1278.41626,2095.927246,2160.405273,85.0,2.700171,1.623629,3.746625,0.128668,0.084971,0.508761,23.291029,0.001465,0.998535,0.565975,8.483027,10.041751
ok,airline_satisfaction__L1_x2__fixed_k86__seed0,airline_satisfaction,AAT-L1-x2-K86,fixed,0,1,86,86,86,x2,32,32,64,2,80,0.001,512,8192,8,11786,64,0.954575,0.953632,0.952008,0.951172,0.953342,0.952441,103.838,"[[86, 86]]",172,6778.578125,7057.167969,1237.093018,1286.524902,2095.927246,2171.719971,86.0,2.693751,1.667125,3.818147,0.124649,0.083731,0.552399,22.853573,0.0,1.0,0.546605,8.482469,10.040182
ok,airline_satisfaction__L1_x2__fixed_k88__seed0,airline_satisfaction,AAT-L1-x2-K88,fixed,0,1,88,88,88,x2,32,32,64,2,80,0.001,512,8192,8,12054,73,0.955024,0.954085,0.951302,0.950436,0.953804,0.952894,104.141,"[[88, 88]]",176,6778.578125,7112.260254,1237.093018,1296.896118,2095.927246,2188.446289,88.0,2.68859,1.655614,3.578998,0.117487,0.075614,0.545737,24.608171,0.0,1.0,0.590531,8.530556,10.129735
ok,airline_satisfaction__L1_x2__fixed_k89__seed0,airline_satisfaction,AAT-L1-x2-K89,fixed,0,1,89,89,89,x2,32,32,64,2,80,0.001,512,8192,8,12188,71,0.954254,0.953372,0.953869,0.952921,0.954112,0.95328,104.307,"[[89, 89]]",178,6778.578125,7102.488281,1237.093018,1295.154297,2095.927246,2186.618652,89.0,2.677189,1.595694,3.703639,0.124698,0.084816,0.589466,24.495707,0.004028,0.995972,0.566725,8.480612,10.069492
ok,airline_satisfaction__L1_x2__fixed_k90__seed0,airline_satisfaction,AAT-L1-x2-K90,fixed,0,1,90,90,90,x2,32,32,64,2,80,0.001,512,8192,8,12322,70,0.953676,0.952805,0.952778,0.951952,0.953457,0.952636,104.986,"[[90, 90]]",180,6778.578125,7091.243652,1237.093018,1293.363159,2095.927246,2181.743652,90.0,2.669799,1.688068,3.603925,0.115502,0.075488,0.523744,25.125437,0.014526,0.985474,0.553214,8.539058,10.133129
ok,airline_satisfaction__L1_x2__fixed_k91__seed0,airline_satisfaction,AAT-L1-x2-K91,fixed,0,1,91,91,91,x2,32,32,64,2,80,0.001,512,8192,8,12456,77,0.95528,0.954381,0.953484,0.952572,0.955343,0.954531,105.285,"[[91, 91]]",182,6778.578125,7054.803711,1237.093018,1286.496094,2095.927246,2173.655518,91.0,2.68083,1.600804,3.66423,0.123938,0.085389,0.553318,23.730099,0.0,1.0,0.597011,8.58082,10.053558
ok,airline_satisfaction__L1_x2__fixed_k92__seed0,airline_satisfaction,AAT-L1-x2-K92,fixed,0,1,92,92,92,x2,32,32,64,2,80,0.001,512,8192,8,12590,76,0.955473,0.954574,0.953676,0.952708,0.953265,0.952411,106.224,"[[92, 92]]",184,6778.578125,7103.142578,1237.093018,1295.184814,2095.927246,2188.480225,92.0,2.680683,1.605213,3.44616,0.126198,0.09218,0.513743,23.871531,0.002808,0.997192,0.559444,8.75083,10.108154
ok,airline_satisfaction__L1_x2__fixed_k93__seed0,airline_satisfaction,AAT-L1-x2-K93,fixed,0,1,93,93,93,x2,32,32,64,2,80,0.001,512,8192,8,12724,79,0.955152,0.954286,0.952714,0.951879,0.95415,0.953346,104.27,"[[93, 93]]",186,6778.578125,7116.787598,1237.093018,1297.572998,2095.927246,2192.511963,93.0,2.670122,1.55363,3.684089,0.120785,0.081195,0.554428,24.987822,0.002686,0.997314,0.580965,8.452717,10.047575
ok,airline_satisfaction__L1_x2__fixed_k94__seed0,airline_satisfaction,AAT-L1-x2-K94,fixed,0,1,94,94,94,x2,32,32,64,2,80,0.001,512,8192,8,12858,80,0.953805,0.952818,0.953805,0.952818,0.954342,0.95344,103.023,"[[94, 94]]",188,6778.578125,7079.70459,1237.093018,1291.414795,2095.927246,2180.995117,94.0,2.691694,1.57036,3.686659,0.12972,0.089989,0.553045,25.979794,0.000366,0.999634,0.586315,8.649761,10.01197
ok,airline_satisfaction__L1_x2__fixed_k95__seed0,airline_satisfaction,AAT-L1-x2-K95,fixed,0,1,95,95,95,x2,32,32,64,2,80,0.001,512,8192,8,12992,74,0.954767,0.9538,0.952265,0.951431,0.955151,0.954257,103.608,"[[95, 95]]",190,6778.578125,7081.446289,1237.093018,1291.39917,2095.927246,2181.373291,95.0,2.681458,1.599417,3.566664,0.123109,0.086701,0.575974,26.572775,0.004883,0.995117,0.567258,8.690054,9.998318
ok,airline_satisfaction__L1_x2__fixed_k96__seed0,airline_satisfaction,AAT-L1-x2-K96,fixed,0,1,96,96,96,x2,32,32,64,2,80,0.001,512,8192,8,13126,79,0.953484,0.952553,0.952842,0.951951,0.953919,0.95307,103.631,"[[96, 96]]",192,6778.578125,7052.04834,1237.093018,1285.518799,2095.927246,2173.577881,96.0,2.658386,1.569015,3.71008,0.120359,0.081035,0.562549,25.170622,0.00061,0.99939,0.583189,8.557473,10.040737
ok,airline_satisfaction__L1_x2__fixed_k97__seed0,airline_satisfaction,AAT-L1-x2-K97,fixed,0,1,97,97,97,x2,32,32,64,2,80,0.001,512,8192,8,13260,79,0.954254,0.953367,0.95342,0.95254,0.954496,0.953699,103.417,"[[97, 97]]",194,6778.578125,7104.091309,1237.093018,1294.778198,2095.927246,2189.980469,97.0,2.656475,1.568205,3.725047,0.11427,0.076696,0.593611,23.042627,0.0,1.0,0.576664,8.635327,10.041055
ok,airline_satisfaction__L1_x2__fixed_k98__seed0,airline_satisfaction,AAT-L1-x2-K98,fixed,0,1,98,98,98,x2,32,32,64,2,80,0.001,512,8192,8,13394,79,0.953805,0.952878,0.953035,0.9522,0.954304,0.953449,103.411,"[[98, 98]]",196,6778.578125,7065.527832,1237.093018,1287.963745,2095.927246,2177.877686,98.0,2.660354,1.574274,3.64463,0.112428,0.076402,0.588506,24.480875,0.0,1.0,0.589312,8.524575,10.035232
ok,airline_satisfaction__L1_x2__fixed_k99__seed0,airline_satisfaction,AAT-L1-x2-K99,fixed,0,1,99,99,99,x2,32,32,64,2,80,0.001,512,8192,8,13528,78,0.953548,0.952642,0.953227,0.952305,0.952995,0.952133,104.123,"[[99, 99]]",198,6778.578125,7024.091309,1237.093018,1280.942993,2095.927246,2164.401855,99.0,2.679227,1.788996,3.463682,0.11067,0.06938,0.541231,29.665129,0.000977,0.999023,0.583301,8.560205,9.945998
ok,airline_satisfaction__L1_x2__fixed_k100__seed0,airline_satisfaction,AAT-L1-x2-K100,fixed,0,1,100,100,100,x2,32,32,64,2,80,0.001,512,8192,8,13662,78,0.952906,0.952014,0.951752,0.950929,0.954112,0.953352,103.663,"[[100, 100]]",200,6778.578125,7007.590332,1237.093018,1277.735107,2095.927246,2159.35498,100.0,2.690054,1.870138,3.692615,0.11124,0.073838,0.538678,26.609844,0.000366,0.999634,0.585435,8.640416,10.003014
ok,airline_satisfaction__L1_x2__fixed_k101__seed0,airline_satisfaction,AAT-L1-x2-K101,fixed,0,1,101,101,101,x2,32,32,64,2,80,0.001,512,8192,8,13796,76,0.953356,0.952401,0.951944,0.951053,0.953611,0.952735,104.565,"[[101, 101]]",202,6778.578125,7046.84375,1237.093018,1285.336182,2095.927246,2172.652588,101.0,2.67797,1.653477,3.576221,0.116687,0.08321,0.556455,25.631117,0.000977,0.999023,0.580245,8.66343,9.944468
ok,airline_satisfaction__L1_x2__fixed_k102__seed0,airline_satisfaction,AAT-L1-x2-K102,fixed,0,1,102,102,102,x2,32,32,64,2,80,0.001,512,8192,8,13930,78,0.953035,0.952132,0.951623,0.950688,0.953342,0.952526,102.209,"[[102, 102]]",204,6778.578125,7021.077637,1237.093018,1280.864502,2095.927246,2165.796631,102.0,2.662919,1.698588,3.343217,0.106043,0.070922,0.541306,27.618029,0.003052,0.996948,0.567559,8.326592,9.971412
ok,airline_satisfaction__L1_x2__fixed_k103__seed0,airline_satisfaction,AAT-L1-x2-K103,fixed,0,1,103,103,103,x2,32,32,64,2,80,0.001,512,8192,8,14064,72,0.954767,0.953884,0.953163,0.952358,0.953919,0.953123,102.674,"[[103, 103]]",206,6778.578125,7054.961426,1237.093018,1286.279053,2095.927246,2175.634033,103.0,2.661964,1.685006,3.621164,0.106306,0.072408,0.602002,26.207499,0.0,1.0,0.576445,8.525456,9.884101
ok,airline_satisfaction__L1_x2__fixed_k104__seed0,airline_satisfaction,AAT-L1-x2-K104,fixed,0,1,104,104,104,x2,32,32,64,2,80,0.001,512,8192,8,14198,73,0.954061,0.953162,0.952329,0.951479,0.954727,0.953937,103.163,"[[104, 104]]",208,6778.578125,7052.318848,1237.093018,1286.260376,2095.927246,2174.891113,104.0,2.653385,1.632937,3.667351,0.110789,0.076896,0.594384,25.56082,0.0,1.0,0.567536,8.556198,9.981485
ok,airline_satisfaction__L1_x2__fixed_k105__seed0,airline_satisfaction,AAT-L1-x2-K105,fixed,0,1,105,105,105,x2,32,32,64,2,80,0.001,512,8192,8,14332,77,0.952586,0.951677,0.951559,0.950602,0.953342,0.952527,102.023,"[[105, 105]]",210,6778.578125,7110.386719,1237.093018,1297.195679,2095.927246,2193.259766,105.0,2.661379,1.623276,3.402138,0.106247,0.070832,0.585645,27.220875,0.001099,0.998901,0.589651,8.677534,9.984261
ok,airline_satisfaction__L1_x2__fixed_k106__seed0,airline_satisfaction,AAT-L1-x2-K106,fixed,0,1,106,106,106,x2,32,32,64,2,80,0.001,512,8192,8,14466,80,0.953933,0.952993,0.953933,0.952993,0.953957,0.9531,101.744,"[[106, 106]]",212,6778.578125,7075.009766,1237.093018,1290.629028,2095.927246,2180.542969,106.0,2.643008,1.778855,3.623947,0.112315,0.076093,0.61087,27.240398,0.0,1.0,0.603957,8.528924,9.964728
ok,airline_satisfaction__L1_x2__fixed_k107__seed0,airline_satisfaction,AAT-L1-x2-K107,fixed,0,1,107,107,107,x2,32,32,64,2,80,0.001,512,8192,8,14600,80,0.953805,0.952853,0.953805,0.952853,0.954188,0.95333,101.374,"[[107, 107]]",214,6778.578125,7091.604004,1237.093018,1292.778076,2095.927246,2183.20874,107.0,2.642819,1.703499,3.364431,0.103996,0.070558,0.595406,27.776934,0.009277,0.990723,0.575782,8.582728,9.875552
ok,airline_satisfaction__L1_x2__fixed_k108__seed0,airline_satisfaction,AAT-L1-x2-K108,fixed,0,1,108,108,108,x2,32,32,64,2,80,0.001,512,8192,8,14734,79,0.953805,0.952827,0.952522,0.951628,0.953342,0.952418,102.458,"[[108, 108]]",216,6778.578125,7071.433105,1237.093018,1289.184937,2095.927246,2178.918457,108.0,2.638471,2.003533,3.309853,0.097519,0.062259,0.56256,27.250563,0.0,1.0,0.605108,8.66584,9.920306
ok,airline_satisfaction__L1_x2__fixed_k109__seed0,airline_satisfaction,AAT-L1-x2-K109,fixed,0,1,109,109,109,x2,32,32,64,2,80,0.001,512,8192,8,14868,76,0.953612,0.952622,0.953099,0.952028,0.953534,0.95264,100.271,"[[109, 109]]",218,6778.578125,7066.474121,1237.093018,1288.732666,2095.927246,2177.779785,109.0,2.641495,1.629329,3.408322,0.110801,0.076964,0.596604,27.172867,0.0,1.0,0.573597,8.601318,9.930979
ok,airline_satisfaction__L1_x2__fixed_k110__seed0,airline_satisfaction,AAT-L1-x2-K110,fixed,0,1,110,110,110,x2,32,32,64,2,80,0.001,512,8192,8,15002,79,0.954126,0.953185,0.952714,0.951799,0.953727,0.952866,100.595,"[[110, 110]]",220,6778.578125,7057.941406,1237.093018,1286.730835,2095.927246,2175.28125,110.0,2.641498,1.670986,3.704543,0.098158,0.062426,0.543593,27.314289,0.00061,0.99939,0.57593,8.530748,9.962302
ok,airline_satisfaction__L1_x2__fixed_k111__seed0,airline_satisfaction,AAT-L1-x2-K111,fixed,0,1,111,111,111,x2,32,32,64,2,80,0.001,512,8192,8,15136,80,0.95342,0.952489,0.95342,0.952489,0.954342,0.95348,102.054,"[[111, 111]]",222,6778.578125,7054.520508,1237.093018,1286.790527,2095.927246,2173.455811,111.0,2.658819,1.820802,3.836165,0.107654,0.069632,0.577227,27.756926,0.000854,0.999146,0.57268,8.587894,9.906127
ok,airline_satisfaction__L1_x2__fixed_k112__seed0,airline_satisfaction,AAT-L1-x2-K112,fixed,0,1,112,112,112,x2,32,32,64,2,80,0.001,512,8192,8,15270,77,0.954061,0.95317,0.952008,0.951218,0.954997,0.954197,99.52,"[[112, 112]]",224,6778.578125,7023.583984,1237.093018,1281.086426,2095.927246,2163.11377,112.0,2.659726,1.677275,3.709925,0.115724,0.07987,0.585042,28.712858,0.0,1.0,0.55466,8.729847,9.833757
ok,airline_satisfaction__L1_x2__fixed_k113__seed0,airline_satisfaction,AAT-L1-x2-K113,fixed,0,1,113,113,113,x2,32,32,64,2,80,0.001,512,8192,8,15404,71,0.95451,0.953575,0.954254,0.953347,0.952803,0.951941,101.067,"[[113, 113]]",226,6778.578125,7097.430664,1237.093018,1294.323364,2095.927246,2187.989746,113.0,2.662847,1.618906,3.615662,0.102247,0.068842,0.55493,26.998341,0.0,1.0,0.560452,8.534561,9.830515
ok,airline_satisfaction__L1_x2__fixed_k114__seed0,airline_satisfaction,AAT-L1-x2-K114,fixed,0,1,114,114,114,x2,32,32,64,2,80,0.001,512,8192,8,15538,75,0.954126,0.953233,0.953291,0.952409,0.95365,0.952822,99.744,"[[114, 114]]",228,6778.578125,7070.870605,1237.093018,1289.385376,2095.927246,2180.327148,114.0,2.636264,1.622384,3.6979,0.097949,0.065592,0.61154,25.314445,0.0,1.0,0.54599,8.456178,9.873668
ok,airline_satisfaction__L1_x2__fixed_k115__seed0,airline_satisfaction,AAT-L1-x2-K115,fixed,0,1,115,115,115,x2,32,32,64,2,80,0.001,512,8192,8,15672,79,0.954446,0.953532,0.949955,0.949121,0.955343,0.954516,101.091,"[[115, 115]]",230,6778.578125,7029.470215,1237.093018,1281.672241,2095.927246,2167.328369,115.0,2.643321,1.920959,3.644052,0.091916,0.060065,0.530697,24.281475,0.000122,0.999878,0.550352,8.696299,9.923115
ok,airline_satisfaction__L1_x2__fixed_k116__seed0,airline_satisfaction,AAT-L1-x2-K116,fixed,0,1,116,116,116,x2,32,32,64,2,80,0.001,512,8192,8,15806,60,0.953869,0.952891,0.953741,0.952847,0.952649,0.951742,100.202,"[[116, 116]]",232,6778.578125,7021.261719,1237.093018,1280.856934,2095.927246,2164.083496,116.0,2.660289,1.910192,3.577568,0.099195,0.065661,0.533026,24.231167,0.0,1.0,0.505174,8.731702,9.842622
ok,airline_satisfaction__L1_x2__fixed_k117__seed0,airline_satisfaction,AAT-L1-x2-K117,fixed,0,1,117,117,117,x2,32,32,64,2,80,0.001,512,8192,8,15940,78,0.953933,0.95297,0.953805,0.952952,0.953149,0.95227,99.435,"[[117, 117]]",234,6778.578125,7073.405273,1237.093018,1289.803589,2095.927246,2180.284668,117.0,2.655391,2.017394,3.425779,0.09794,0.060946,0.552362,29.181644,0.0,1.0,0.583195,8.491772,9.852925
ok,airline_satisfaction__L1_x2__fixed_k118__seed0,airline_satisfaction,AAT-L1-x2-K118,fixed,0,1,118,118,118,x2,32,32,64,2,80,0.001,512,8192,8,16074,58,0.95528,0.954342,0.953035,0.952151,0.953188,0.952296,99.023,"[[118, 118]]",236,6778.578125,7033.158203,1237.093018,1282.575684,2095.927246,2166.898438,118.0,2.674897,1.77844,3.920192,0.089218,0.05835,0.502063,24.993361,0.0,1.0,0.510116,8.794537,9.818789
ok,airline_satisfaction__L1_x2__fixed_k119__seed0,airline_satisfaction,AAT-L1-x2-K119,fixed,0,1,119,119,119,x2,32,32,64,2,80,0.001,512,8192,8,16208,64,0.954382,0.953431,0.952137,0.951282,0.95388,0.953006,103.016,"[[119, 119]]",238,6778.578125,7016.702148,1237.093018,1279.615967,2095.927246,2161.494141,119.0,2.671558,1.799374,3.869077,0.095924,0.063677,0.50993,26.121462,0.0,1.0,0.515553,8.701391,9.800323
ok,airline_satisfaction__L1_x2__fixed_k120__seed0,airline_satisfaction,AAT-L1-x2-K120,fixed,0,1,120,120,120,x2,32,32,64,2,80,0.001,512,8192,8,16342,77,0.95451,0.953531,0.952906,0.952064,0.952456,0.951475,102.982,"[[120, 120]]",240,6778.578125,7125.382324,1237.093018,1299.627686,2095.927246,2194.342773,120.0,2.652814,1.667531,3.37682,0.108292,0.073827,0.58269,29.618456,0.0,1.0,0.571112,8.600883,9.826869
