rank,run_id,model,mode,k1,k2,selected_k1,selected_k2,selected_children,total_children,params,best_epoch,best_val_acc,best_val_f1,test_acc,test_f1,final_val_acc,train_time_sec,layer1_children,layer1_gate_active,layer1_move_norm,layer1_alpha_eff,layer2_children,layer2_gate_active,layer2_move_norm,layer2_alpha_eff
1,mnist__L2_x1p5__fixed_k36_34__seed0,AAT-L2-x1p5-K36-34,fixed_pair,36,34,36,34,"[[36, 36, 36, 36, 36, 36, 36, 36, 36, 36], [34, 34, 34, 34, 34, 34, 34, 34, 34, 34]]",700,860630,80,0.9762,0.975907,0.9724,0.972186,0.9762,316.34,36.0,0.109359,0.839372,4.963744,34.0,0.132758,0.852449,4.528718
2,mnist__L2_x1p5__fixed_k36_38__seed0,AAT-L2-x1p5-K36-38,fixed_pair,36,38,36,38,"[[36, 36, 36, 36, 36, 36, 36, 36, 36, 36], [38, 38, 38, 38, 38, 38, 38, 38, 38, 38]]",740,907790,48,0.976,0.975712,0.9725,0.972243,0.9758,308.858,36.0,0.105523,0.793232,5.069154,38.0,0.113664,0.859323,4.524907
3,mnist__L2_x1p5__fixed_k34_34__seed0,AAT-L2-x1p5-K34-34,fixed_pair,34,34,34,34,"[[34, 34, 34, 34, 34, 34, 34, 34, 34, 34], [34, 34, 34, 34, 34, 34, 34, 34, 34, 34]]",680,837050,59,0.9759,0.975641,0.9724,0.972138,0.9747,314.484,34.0,0.110102,0.814357,5.036848,34.0,0.137302,0.856943,4.495705
4,mnist__L2_x1p5__fixed_k36_36__seed0,AAT-L2-x1p5-K36-36,fixed_pair,36,36,36,36,"[[36, 36, 36, 36, 36, 36, 36, 36, 36, 36], [36, 36, 36, 36, 36, 36, 36, 36, 36, 36]]",720,884210,69,0.9758,0.975546,0.9729,0.97272,0.9757,328.994,36.0,0.100694,0.800699,4.956698,36.0,0.124723,0.857873,4.602447
5,mnist__L2_x1p5__fixed_k36_32__seed0,AAT-L2-x1p5-K36-32,fixed_pair,36,32,36,32,"[[36, 36, 36, 36, 36, 36, 36, 36, 36, 36], [32, 32, 32, 32, 32, 32, 32, 32, 32, 32]]",680,837050,47,0.9757,0.975418,0.9724,0.972147,0.9748,312.005,36.0,0.107088,0.80617,5.031672,32.0,0.1328,0.839737,4.497088
6,mnist__L2_x1p5__autok_max100__seed0,AAT-L2-x1p5-AutoK-max100,auto,,,41,89,"[[41, 41, 41, 41, 41, 41, 41, 41, 41, 41], [89, 89, 89, 89, 89, 89, 89, 89, 89, 89]]",1300,1568030,76,0.9753,0.975011,0.9758,0.975568,0.9752,313.405,41.0,0.084663,0.79288,5.117136,89.0,0.051154,0.81045,5.021691
7,mnist__L2_x1p5__fixed_k32_44__seed0,AAT-L2-x1p5-K32-44,fixed_pair,32,44,32,44,"[[32, 32, 32, 32, 32, 32, 32, 32, 32, 32], [44, 44, 44, 44, 44, 44, 44, 44, 44, 44]]",760,931370,63,0.9753,0.974959,0.9733,0.973048,0.975,315.517,32.0,0.106424,0.780757,4.774916,44.0,0.100999,0.841757,4.757036
8,mnist__L2_x1p5__fixed_k34_38__seed0,AAT-L2-x1p5-K34-38,fixed_pair,34,38,34,38,"[[34, 34, 34, 34, 34, 34, 34, 34, 34, 34], [38, 38, 38, 38, 38, 38, 38, 38, 38, 38]]",720,884210,60,0.9753,0.975008,0.9736,0.973375,0.9737,301.45,34.0,0.102226,0.787289,4.946744,38.0,0.110336,0.853926,4.483638
9,mnist__L2_x1p5__fixed_k34_42__seed0,AAT-L2-x1p5-K34-42,fixed_pair,34,42,34,42,"[[34, 34, 34, 34, 34, 34, 34, 34, 34, 34], [42, 42, 42, 42, 42, 42, 42, 42, 42, 42]]",760,931370,75,0.9753,0.974998,0.9734,0.973166,0.9749,316.518,34.0,0.099684,0.77299,4.77625,42.0,0.10864,0.865864,4.588402
10,mnist__L2_x1p5__fixed_k34_36__seed0,AAT-L2-x1p5-K34-36,fixed_pair,34,36,34,36,"[[34, 34, 34, 34, 34, 34, 34, 34, 34, 34], [36, 36, 36, 36, 36, 36, 36, 36, 36, 36]]",700,860630,63,0.9752,0.974908,0.9721,0.971887,0.9746,308.234,34.0,0.103952,0.801882,5.116766,36.0,0.124067,0.833476,4.587119
11,mnist__L2_x1p5__fixed_k32_34__seed0,AAT-L2-x1p5-K32-34,fixed_pair,32,34,32,34,"[[32, 32, 32, 32, 32, 32, 32, 32, 32, 32], [34, 34, 34, 34, 34, 34, 34, 34, 34, 34]]",660,813470,47,0.975,0.974734,0.9706,0.970319,0.9739,306.72,32.0,0.115573,0.805087,4.998847,34.0,0.12504,0.853126,4.51388
12,mnist__L2_x1p5__fixed_k32_32__seed0,AAT-L2-x1p5-K32-32,fixed_pair,32,32,32,32,"[[32, 32, 32, 32, 32, 32, 32, 32, 32, 32], [32, 32, 32, 32, 32, 32, 32, 32, 32, 32]]",640,789890,73,0.9748,0.974499,0.9711,0.970814,0.9746,314.09,32.0,0.108914,0.803808,4.834484,32.0,0.139749,0.843823,4.563011
13,mnist__L2_x1p5__fixed_k32_36__seed0,AAT-L2-x1p5-K32-36,fixed_pair,32,36,32,36,"[[32, 32, 32, 32, 32, 32, 32, 32, 32, 32], [36, 36, 36, 36, 36, 36, 36, 36, 36, 36]]",680,837050,73,0.9748,0.974485,0.9714,0.971122,0.9743,314.175,32.0,0.103931,0.798855,4.961153,36.0,0.112242,0.830622,4.64292
14,mnist__L2_x1p5__fixed_k32_38__seed0,AAT-L2-x1p5-K32-38,fixed_pair,32,38,32,38,"[[32, 32, 32, 32, 32, 32, 32, 32, 32, 32], [38, 38, 38, 38, 38, 38, 38, 38, 38, 38]]",700,860630,66,0.9747,0.974411,0.9712,0.970921,0.9698,318.192,32.0,0.108823,0.791993,4.927695,38.0,0.103014,0.847751,4.530935
15,mnist__L2_x1p5__fixed_k34_32__seed0,AAT-L2-x1p5-K34-32,fixed_pair,34,32,34,32,"[[34, 34, 34, 34, 34, 34, 34, 34, 34, 34], [32, 32, 32, 32, 32, 32, 32, 32, 32, 32]]",660,813470,77,0.9747,0.974419,0.9714,0.97115,0.9743,302.608,34.0,0.107123,0.821816,4.933617,32.0,0.147458,0.867992,4.443841
16,mnist__L2_x1p5__fixed_k34_44__seed0,AAT-L2-x1p5-K34-44,fixed_pair,34,44,34,44,"[[34, 34, 34, 34, 34, 34, 34, 34, 34, 34], [44, 44, 44, 44, 44, 44, 44, 44, 44, 44]]",780,954950,63,0.9747,0.974382,0.973,0.972717,0.9734,324.425,34.0,0.098145,0.782397,4.690125,44.0,0.106088,0.85779,4.778864
17,mnist__L2_x1p5__fixed_k34_40__seed0,AAT-L2-x1p5-K34-40,fixed_pair,34,40,34,40,"[[34, 34, 34, 34, 34, 34, 34, 34, 34, 34], [40, 40, 40, 40, 40, 40, 40, 40, 40, 40]]",740,907790,58,0.9745,0.974201,0.9709,0.970624,0.9737,303.015,34.0,0.09753,0.772882,4.954356,40.0,0.104458,0.842014,4.578018
18,mnist__L2_x1p5__fixed_k32_42__seed0,AAT-L2-x1p5-K32-42,fixed_pair,32,42,32,42,"[[32, 32, 32, 32, 32, 32, 32, 32, 32, 32], [42, 42, 42, 42, 42, 42, 42, 42, 42, 42]]",740,907790,67,0.9744,0.974082,0.9732,0.973012,0.9742,320.234,32.0,0.104489,0.785942,4.714178,42.0,0.101337,0.846155,4.636544
19,mnist__L2_x1p5__fixed_k41_41__seed0,AAT-L2-x1p5-K41-41,fixed_pair,41,41,41,41,"[[41, 41, 41, 41, 41, 41, 41, 41, 41, 41], [41, 41, 41, 41, 41, 41, 41, 41, 41, 41]]",820,1002110,48,0.9744,0.974093,0.9718,0.971469,0.974,319.864,41.0,0.091985,0.793487,5.324281,41.0,0.106143,0.851488,4.602172
20,mnist__L2_x1p5__fixed_k32_40__seed0,AAT-L2-x1p5-K32-40,fixed_pair,32,40,32,40,"[[32, 32, 32, 32, 32, 32, 32, 32, 32, 32], [40, 40, 40, 40, 40, 40, 40, 40, 40, 40]]",720,884210,57,0.9741,0.973807,0.9716,0.971308,0.9734,315.583,32.0,0.107617,0.779123,4.924284,40.0,0.102666,0.844193,4.577798
