status,run_id,kind,seed,k_combo,k1,k2,k3,layers,extra_dims,max_children,input_dim,state_dim,num_classes,params,epochs,lr,batch_size,init_samples,kmeans_iters,best_epoch,best_val_acc,best_val_f1,final_val_acc,final_val_f1,test_acc,test_f1,init_time_sec,train_time_sec,total_time_sec,selected_children,total_children,error,train_fisher_l0,train_fisher_l1,train_fisher_l2,train_fisher_l3,val_fisher_l0,val_fisher_l1,val_fisher_l2,val_fisher_l3,test_fisher_l0,test_fisher_l1,test_fisher_l2,test_fisher_l3,head_val_acc_l0,head_val_acc_l1,head_val_acc_l2,head_val_acc_l3,head_val_f1_l0,head_val_f1_l1,head_val_f1_l2,head_val_f1_l3,head_test_acc_l0,head_test_acc_l1,head_test_acc_l2,head_test_acc_l3,head_test_f1_l0,head_test_f1_l1,head_test_f1_l2,head_test_f1_l3,layer1_children,layer2_children,layer3_children,layer1_sigma_mean,layer2_sigma_mean,layer3_sigma_mean,layer1_charge_abs_mean,layer2_charge_abs_mean,layer3_charge_abs_mean,layer1_parent_norm,layer2_parent_norm,layer3_parent_norm,layer1_child_offset_norm,layer2_child_offset_norm,layer3_child_offset_norm,layer1_val_move_norm,layer2_val_move_norm,layer3_val_move_norm,layer1_val_gate_mean,layer2_val_gate_mean,layer3_val_gate_mean,layer1_val_gate_active,layer2_val_gate_active,layer3_val_gate_active,layer1_val_alpha_entropy,layer2_val_alpha_entropy,layer3_val_alpha_entropy,layer1_val_alpha_eff,layer2_val_alpha_eff,layer3_val_alpha_eff
ok,airline__autok_L3_extra2__seed0,autok,0,auto,,,,3,2,8,32,34,2,1026,100,0.001,512,8192,8,90,0.948544,0.94743,0.947645,0.946567,0.944333,0.943244,0.735,443.907,447.562,"[[2, 2], [4, 4], [4, 4]]",20,,637.263916,697.998413,723.201111,768.479309,1237.085571,1352.27771,1397.505615,1481.676025,2096.01709,2283.782227,2358.040771,2505.148193,0.489093,0.849737,0.883164,0.948544,0.42898,0.846986,0.881064,0.94743,0.48591,0.840815,0.875385,0.944333,0.421258,0.838477,0.873485,0.943244,2,4,4,2.686635,2.818981,2.807153,0.854145,0.512002,0.849843,7.847658,7.182606,7.276542,10.357003,19.149744,18.799332,0.779691,0.294767,0.517825,0.377427,0.060415,0.071724,0.30922,0.154979,0.18337,0.861847,1.14373,1.07261,2.367557,3.138574,2.923211
ok,airline__fixed_k_2-2-2__seed0,fixed,0,2-2-2,2,2,2,3,2,8,32,34,2,730,100,0.001,512,8192,8,99,0.95034,0.949298,0.948415,0.947341,0.949569,0.948617,0.076,434.649,435.908,"[[2, 2], [2, 2], [2, 2]]",12,,637.263916,659.90686,703.3573,753.424744,1237.085571,1276.16748,1356.667969,1449.797607,2096.01709,2159.019775,2299.45752,2451.472412,0.43847,0.436353,0.650712,0.95034,0.31605,0.33003,0.639286,0.949298,0.442832,0.437981,0.63805,0.949569,0.318776,0.328541,0.623337,0.948617,2,2,2,2.692208,2.571063,2.635569,0.845741,0.96857,1.05683,7.196319,7.162402,8.131822,11.163352,10.000638,9.312874,0.356994,0.543462,0.856767,0.123772,0.119564,0.388007,0.308402,0.222588,0.415726,1.030637,1.041418,0.834564,2.802963,2.833449,2.303842
ok,airline__fixed_k_2-2-3__seed0,fixed,0,2-2-3,2,2,3,3,2,8,32,34,2,804,100,0.001,512,8192,8,99,0.950019,0.949006,0.949763,0.94874,0.948722,0.947795,0.081,394.956,396.067,"[[2, 2], [2, 2], [3, 3]]",14,,637.263916,655.293091,693.464355,747.34845,1237.085571,1268.955322,1338.01416,1440.766724,2096.01709,2147.328613,2256.205811,2422.0354,0.436802,0.449378,0.878096,0.950019,0.307257,0.331187,0.87368,0.949006,0.44033,0.452379,0.881044,0.948722,0.308782,0.331895,0.876911,0.947795,2,2,3,2.657319,2.638431,2.823843,0.950081,0.927507,0.754769,6.922185,8.66391,8.305418,10.611044,9.56707,19.469318,0.347012,0.864716,0.528397,0.093137,0.36115,0.107765,0.230335,0.382314,0.230891,0.981374,0.811146,1.12763,2.668341,2.250546,3.088398
ok,airline__fixed_k_2-2-4__seed0,fixed,0,2-2-4,2,2,4,3,2,8,32,34,2,878,100,0.001,512,8192,8,99,0.949506,0.948465,0.948351,0.947253,0.947567,0.946583,0.072,427.139,428.314,"[[2, 2], [2, 2], [4, 4]]",16,,637.263916,652.530151,688.021362,737.234192,1237.085571,1264.195679,1327.305908,1419.070801,2096.01709,2140.303467,2239.612793,2392.052246,0.43892,0.450789,0.89189,0.949506,0.311408,0.334813,0.888476,0.948465,0.442254,0.45415,0.895904,0.947567,0.312525,0.335851,0.892823,0.946583,2,2,4,2.650998,2.639714,2.791188,0.927721,0.901511,0.607885,6.931195,8.462608,7.947311,10.571597,10.195629,18.828457,0.332571,0.860524,0.413769,0.100139,0.345073,0.093189,0.232083,0.367253,0.222203,0.980091,0.827005,1.237301,2.664933,2.286496,3.446444
ok,airline__fixed_k_2-2-5__seed0,fixed,0,2-2-5,2,2,5,3,2,8,32,34,2,952,100,0.001,512,8192,8,99,0.949955,0.948915,0.949057,0.947992,0.94876,0.947813,0.077,431.789,433.004,"[[2, 2], [2, 2], [5, 5]]",18,,637.263916,652.707214,693.866699,724.742249,1237.085571,1262.547852,1339.855835,1391.602295,2096.01709,2137.229004,2269.394043,2354.070312,0.626588,0.544912,0.794046,0.949955,0.612439,0.499026,0.793998,0.948915,0.617224,0.537573,0.788767,0.94876,0.599523,0.485919,0.788613,0.947813,2,2,5,2.777486,2.667594,2.659273,0.666045,0.507461,1.144893,7.101467,7.113391,7.968916,9.985739,9.816697,20.977842,0.328539,0.501899,0.786316,0.121796,0.140374,0.171799,0.341027,0.302114,0.16912,1.012287,1.076597,1.229969,2.752056,2.934809,3.4212
ok,airline__fixed_k_2-2-6__seed0,fixed,0,2-2-6,2,2,6,3,2,8,32,34,2,1026,100,0.001,512,8192,8,100,0.952201,0.951203,0.952201,0.951203,0.952264,0.951358,0.074,447.343,448.437,"[[2, 2], [2, 2], [6, 6]]",20,,637.263916,644.006348,694.987244,717.300415,1237.085571,1246.101807,1341.284058,1384.454468,2096.01709,2109.586914,2269.245117,2338.323975,0.740793,0.661427,0.87508,0.952201,0.740088,0.65182,0.869771,0.951203,0.737219,0.661765,0.871882,0.952264,0.736246,0.651698,0.866741,0.951358,2,2,6,2.785084,2.669541,2.646263,0.830345,0.669493,1.249933,6.858946,7.782338,7.164111,9.946265,9.739424,19.745243,0.369207,0.630479,0.462981,0.152398,0.375728,0.082992,0.347251,0.301424,0.158572,1.033519,0.875042,1.493344,2.811097,2.399005,4.452035
ok,airline__fixed_k_2-2-7__seed0,fixed,0,2-2-7,2,2,7,3,2,8,32,34,2,1100,100,0.001,512,8192,8,77,0.951367,0.950297,0.950533,0.94952,0.948529,0.947508,0.076,388.239,389.402,"[[2, 2], [2, 2], [7, 7]]",22,,637.263916,661.128967,728.125183,765.743225,1237.085571,1279.067383,1405.33667,1477.136475,2096.01709,2166.711426,2376.825439,2490.180908,0.641281,0.739638,0.897793,0.951367,0.629113,0.738919,0.894275,0.950297,0.63116,0.73618,0.890976,0.948529,0.615669,0.735191,0.887399,0.947508,2,2,7,2.713949,2.551807,2.656542,0.38764,0.730812,1.069137,7.169912,7.931726,7.001843,10.283451,9.408127,17.258644,0.324221,0.697739,0.482878,0.113389,0.390073,0.095412,0.288528,0.328837,0.176188,0.994838,0.816379,1.43834,2.704482,2.262334,4.214042
ok,airline__fixed_k_2-2-8__seed0,fixed,0,2-2-8,2,2,8,3,2,8,32,34,2,1174,100,0.001,512,8192,8,99,0.951559,0.950531,0.951495,0.950494,0.949761,0.948797,0.091,434.687,435.835,"[[2, 2], [2, 2], [8, 8]]",24,,637.263916,659.2677,721.503723,759.767029,1237.085571,1275.753296,1392.621826,1465.508667,2096.01709,2159.675049,2352.682129,2467.578125,0.60888,0.70743,0.897344,0.951559,0.589241,0.704282,0.893976,0.950531,0.60144,0.705574,0.892324,0.949761,0.577797,0.701775,0.889042,0.948797,2,2,8,2.740411,2.438011,2.612176,0.458207,0.749773,1.115413,7.353599,7.976904,6.943278,9.872124,9.85479,17.732811,0.377816,0.70534,0.477262,0.141948,0.384523,0.082529,0.328644,0.322036,0.154546,1.027171,0.83382,1.43652,2.79335,2.302132,4.20635
ok,airline__fixed_k_2-3-2__seed0,fixed,0,2-3-2,2,3,2,3,2,8,32,34,2,804,100,0.001,512,8192,8,99,0.947902,0.946809,0.946619,0.945511,0.946951,0.945962,0.07,449.227,450.289,"[[2, 2], [3, 3], [2, 2]]",14,,637.263916,658.389343,677.933411,724.439636,1237.085571,1275.550903,1310.774414,1397.456665,2096.01709,2158.586426,2216.25415,2353.33252,0.447517,0.520852,0.580842,0.947902,0.330632,0.456476,0.54384,0.946809,0.451763,0.520634,0.579612,0.946951,0.333263,0.45239,0.539939,0.945962,2,3,2,2.638485,2.804288,2.51147,1.046453,0.511358,1.010107,6.765218,7.230805,8.207825,9.945316,19.40143,11.505479,0.387982,0.279638,0.870893,0.123615,0.086973,0.394461,0.223582,0.216712,0.41425,1.059427,0.998763,0.805892,2.884905,2.715099,2.238729
ok,airline__fixed_k_2-3-3__seed0,fixed,0,2-3-3,2,3,3,3,2,8,32,34,2,878,100,0.001,512,8192,8,90,0.947389,0.946255,0.945464,0.944328,0.944526,0.94346,0.077,431.532,432.744,"[[2, 2], [3, 3], [3, 3]]",16,,637.263916,698.162964,720.988342,764.744995,1237.085571,1352.034668,1392.599121,1473.704102,2096.01709,2285.032227,2352.491211,2495.876465,0.487745,0.852496,0.881881,0.947389,0.423861,0.849723,0.879504,0.946255,0.484447,0.843856,0.875192,0.944526,0.415246,0.841537,0.873076,0.94346,2,3,3,2.702464,2.787475,2.770561,0.768997,0.612964,0.841578,8.001408,7.150011,7.341454,10.230736,19.537077,19.461927,0.719057,0.298173,0.495023,0.385616,0.070672,0.077916,0.310503,0.198822,0.230977,0.86034,1.108958,1.066122,2.363992,3.031296,2.904259
ok,airline__fixed_k_2-3-4__seed0,fixed,0,2-3-4,2,3,4,3,2,8,32,34,2,952,100,0.001,512,8192,8,99,0.949185,0.948131,0.947645,0.946555,0.947451,0.946483,0.077,424.431,425.496,"[[2, 2], [3, 3], [4, 4]]",18,,637.263916,692.579224,711.748291,764.515991,1237.085571,1341.225952,1375.31311,1473.507324,2096.01709,2266.563232,2322.718018,2488.125732,0.482228,0.853009,0.884833,0.949185,0.410461,0.84994,0.882375,0.948131,0.479096,0.846166,0.879581,0.947451,0.401846,0.843608,0.877457,0.946483,2,3,4,2.718888,2.738462,2.968397,0.774014,0.63309,0.724925,7.970516,7.201524,7.477127,10.170961,19.920227,18.144474,0.732705,0.280441,0.559279,0.381954,0.066082,0.164313,0.31554,0.19618,0.291223,0.869393,1.080959,1.142288,2.385493,2.94763,3.134281
ok,airline__fixed_k_2-3-5__seed0,fixed,0,2-3-5,2,3,5,3,2,8,32,34,2,1026,100,0.001,512,8192,8,99,0.950853,0.949822,0.949763,0.948714,0.9503,0.949354,0.078,433.637,434.746,"[[2, 2], [3, 3], [5, 5]]",20,,637.263916,683.509705,702.846497,739.059448,1237.085571,1322.769653,1355.615723,1417.368286,2096.01709,2239.702393,2294.77002,2393.435791,0.58899,0.729886,0.784229,0.950853,0.561627,0.727886,0.783866,0.949822,0.580189,0.721397,0.773907,0.9503,0.54791,0.7185,0.773116,0.949354,2,3,5,2.722375,2.76162,2.736717,0.804089,0.602467,1.194921,7.091063,6.840633,8.047699,10.050226,19.79871,20.570646,0.603841,0.255552,0.845537,0.18865,0.049984,0.180286,0.394328,0.176355,0.16783,0.965159,1.033094,1.119487,2.625492,2.809948,3.063386
ok,airline__fixed_k_2-3-6__seed0,fixed,0,2-3-6,2,3,6,3,2,8,32,34,2,1100,100,0.001,512,8192,8,99,0.951495,0.950511,0.949955,0.948992,0.949723,0.948791,0.07,427.572,428.653,"[[2, 2], [3, 3], [6, 6]]",22,,637.263916,678.843994,693.466125,712.753479,1237.085571,1314.00415,1340.254517,1376.286987,2096.01709,2223.74292,2266.886719,2327.348389,0.650584,0.877967,0.889131,0.951495,0.642861,0.873227,0.884163,0.950511,0.645904,0.869803,0.884085,0.949723,0.636803,0.865044,0.879221,0.948791,2,3,6,2.851864,2.600436,2.632439,0.618752,0.599026,1.104737,7.854176,7.127962,6.815795,9.796052,19.903204,19.458393,0.634624,0.206151,0.336195,0.415884,0.033057,0.051534,0.3332,0.116964,0.126535,1.034278,0.816098,1.319338,2.813128,2.261737,3.741474
ok,airline__fixed_k_2-3-7__seed0,fixed,0,2-3-7,2,3,7,3,2,8,32,34,2,1174,100,0.001,512,8192,8,99,0.950533,0.949498,0.949442,0.948389,0.949261,0.948312,0.076,428.473,429.721,"[[2, 2], [3, 3], [7, 7]]",24,,637.263916,655.911438,701.193604,716.511963,1237.085571,1270.836182,1354.789917,1382.589111,2096.01709,2148.284424,2288.834961,2333.956543,0.708777,0.8396,0.894072,0.950533,0.707197,0.837865,0.891686,0.949498,0.695142,0.831845,0.886742,0.949261,0.692408,0.830516,0.884339,0.948312,2,3,7,2.68078,2.812906,2.620888,0.616334,0.378841,1.043336,6.764163,7.551705,7.050531,10.02506,19.603292,18.179684,0.361887,0.376255,0.535376,0.147876,0.082846,0.134236,0.23975,0.203516,0.208507,0.995067,0.952437,1.365598,2.705114,2.592118,3.918582
ok,airline__fixed_k_2-3-8__seed0,fixed,0,2-3-8,2,3,8,3,2,8,32,34,2,1248,100,0.001,512,8192,8,99,0.950982,0.949952,0.949249,0.948205,0.950223,0.949283,0.08,427.692,428.793,"[[2, 2], [3, 3], [8, 8]]",26,,637.263916,664.611328,710.463501,724.868042,1237.085571,1289.304321,1372.813721,1399.134521,2096.01709,2181.925293,2320.712646,2364.180908,0.598614,0.862826,0.883229,0.950982,0.579222,0.858504,0.879527,0.949952,0.598052,0.858138,0.876309,0.950223,0.576274,0.853883,0.872371,0.949283,2,3,8,2.669442,2.819258,2.595454,0.471973,0.467717,1.16884,7.698819,7.225391,7.055676,10.611485,19.537472,18.402435,0.605288,0.40041,0.46828,0.401559,0.078861,0.098995,0.290918,0.193817,0.173313,0.921991,0.924024,1.405789,2.514377,2.519672,4.079499
ok,airline__fixed_k_2-4-2__seed0,fixed,0,2-4-2,2,4,2,3,2,8,32,34,2,878,100,0.001,512,8192,8,99,0.949827,0.948792,0.948351,0.947275,0.950223,0.949282,0.073,430.108,431.194,"[[2, 2], [4, 4], [2, 2]]",16,,637.263916,680.062622,695.351501,750.677856,1237.085571,1317.101562,1342.943115,1446.541626,2096.01709,2232.181152,2275.317139,2442.783447,0.443796,0.675542,0.623059,0.949827,0.332133,0.665389,0.602397,0.948792,0.446451,0.66573,0.617185,0.950223,0.332233,0.653033,0.59228,0.949282,2,4,2,2.70336,2.707303,2.657524,1.013685,0.653762,1.013602,7.003524,7.209915,8.14447,10.411458,19.16913,10.095647,0.558487,0.294544,0.839961,0.119,0.07463,0.4025,0.228747,0.172655,0.415421,1.046296,1.074269,0.779721,2.84731,2.928012,2.180907
ok,airline__fixed_k_2-4-3__seed0,fixed,0,2-4-3,2,4,3,3,2,8,32,34,2,952,100,0.001,512,8192,8,99,0.947004,0.945884,0.946041,0.944919,0.94518,0.944137,0.076,429.773,430.934,"[[2, 2], [4, 4], [3, 3]]",18,,637.263916,693.850464,714.009827,754.263855,1237.085571,1344.39917,1381.329468,1455.716675,2096.01709,2272.484375,2333.672852,2461.901123,0.494097,0.851726,0.884576,0.947004,0.433568,0.848825,0.883448,0.945884,0.487835,0.845357,0.877425,0.94518,0.419402,0.842893,0.876485,0.944137,2,4,3,2.701129,2.823923,2.818322,0.852462,0.658046,0.897027,7.843282,7.620608,6.976994,10.421114,19.119192,19.634914,0.752517,0.314514,0.512463,0.373068,0.060762,0.076198,0.313069,0.160601,0.23304,0.872073,1.202047,0.934339,2.391893,3.327,2.545805
ok,airline__fixed_k_2-4-4__seed0,fixed,0,2-4-4,2,4,4,3,2,8,32,34,2,1026,100,0.001,512,8192,8,90,0.948351,0.947231,0.947389,0.946303,0.944256,0.943166,0.077,438.853,439.924,"[[2, 2], [4, 4], [4, 4]]",20,,637.263916,697.916016,722.977966,768.646301,1237.085571,1352.11853,1397.103882,1482.016357,2096.01709,2283.465088,2357.29126,2505.506592,0.488772,0.849544,0.882523,0.948351,0.428061,0.846808,0.880449,0.947231,0.485448,0.840699,0.874923,0.944256,0.420301,0.838367,0.873041,0.943166,2,4,4,2.686975,2.819042,2.815188,0.855184,0.511254,0.845823,7.84235,7.178631,7.281554,10.358354,19.142931,18.785366,0.780673,0.294935,0.518814,0.377314,0.060462,0.071548,0.309364,0.155043,0.183121,0.862322,1.144015,1.072772,2.36868,3.139469,2.923686
ok,airline__fixed_k_2-4-5__seed0,fixed,0,2-4-5,2,4,5,3,2,8,32,34,2,1100,100,0.001,512,8192,8,99,0.948479,0.947452,0.946362,0.945276,0.947528,0.946593,0.076,437.759,439.141,"[[2, 2], [4, 4], [5, 5]]",22,,637.263916,668.255981,680.735901,707.440796,1237.085571,1294.855225,1317.781372,1364.557861,2096.01709,2191.04248,2229.105713,2306.658936,0.686064,0.868023,0.875914,0.948479,0.682208,0.865991,0.874504,0.947452,0.678241,0.862142,0.86884,0.947528,0.673067,0.860315,0.867454,0.946593,2,4,5,2.820503,2.733868,2.694879,0.45229,0.529277,1.118877,7.213983,7.01899,7.603924,10.377863,19.031078,20.997913,0.468651,0.279182,0.768743,0.142269,0.057032,0.184113,0.279321,0.132932,0.173823,1.162956,1.054066,1.142072,3.199432,2.869578,3.133296
ok,airline__fixed_k_2-4-6__seed0,fixed,0,2-4-6,2,4,6,3,2,8,32,34,2,1174,100,0.001,512,8192,8,99,0.952842,0.951874,0.951816,0.950806,0.953072,0.952209,0.081,426.902,428.083,"[[2, 2], [4, 4], [6, 6]]",24,,637.263916,676.320923,695.210999,726.809998,1237.085571,1310.099365,1343.76062,1404.201172,2096.01709,2218.927246,2275.429199,2373.815918,0.642435,0.855126,0.888233,0.952842,0.634525,0.850166,0.885551,0.951874,0.640052,0.852248,0.884393,0.953072,0.630437,0.847546,0.881801,0.952209,2,4,6,2.722579,2.725451,2.599163,0.575801,0.624591,1.244602,7.493311,7.192417,6.818612,10.017809,19.046246,20.076817,0.653174,0.26219,0.486939,0.373521,0.051023,0.065112,0.32056,0.135827,0.152263,0.937011,1.08302,1.447002,2.552382,2.953838,4.250417
ok,airline__fixed_k_2-4-7__seed0,fixed,0,2-4-7,2,4,7,3,2,8,32,34,2,1248,100,0.001,512,8192,8,99,0.951431,0.950455,0.950019,0.949025,0.950685,0.949781,0.078,434.639,435.738,"[[2, 2], [4, 4], [7, 7]]",26,,637.263916,669.814575,693.752014,725.80603,1237.085571,1297.25415,1342.030518,1401.422363,2096.01709,2195.372803,2269.113525,2362.776367,0.711728,0.87014,0.888682,0.951431,0.710427,0.864617,0.886553,0.950455,0.701802,0.865915,0.883739,0.950685,0.699547,0.860749,0.881602,0.949781,2,4,7,2.788277,2.716263,2.760187,0.607753,0.492377,1.136031,7.124799,7.504597,6.92962,10.186398,18.950981,17.689442,0.485079,0.314846,0.530829,0.17526,0.06894,0.129598,0.255823,0.164282,0.19611,1.167648,1.153566,1.554953,3.214478,3.169763,4.735449
